,first_layer_val,second_layer_val,dropout_layer_val,non_chronic_right,non_chronic_wrong,num_chronic_right,num_chronic_wrong
0,50,25,0.2,20,3,4,9
1,50,25,0.25,20,3,8,5
2,50,25,0.3,20,3,7,6
3,50,25,0.35,20,3,4,9
4,50,25,0.4,20,3,7,6
5,50,30,0.2,20,3,6,7
6,50,30,0.25,21,2,4,9
7,50,30,0.3,20,3,7,6
8,50,30,0.35,21,2,7,6
9,50,30,0.4,21,2,7,6
10,50,35,0.2,21,2,6,7
11,50,35,0.25,21,2,6,7
12,50,35,0.3,20,3,6,7
13,50,35,0.35,22,1,7,6
14,50,35,0.4,20,3,5,8
15,50,40,0.2,20,3,6,7
16,50,40,0.25,21,2,8,5
17,50,40,0.3,21,2,5,8
18,50,40,0.35,21,2,6,7
19,50,40,0.4,20,3,7,6
20,50,45,0.2,20,3,8,5
21,50,45,0.25,20,3,4,9
22,50,45,0.3,22,1,6,7
23,50,45,0.35,22,1,7,6
24,50,45,0.4,21,2,4,9
25,50,50,0.2,20,3,5,8
26,50,50,0.25,21,2,6,7
27,50,50,0.3,21,2,6,7
28,50,50,0.35,20,3,6,7
29,50,50,0.4,20,3,8,5
30,50,55,0.2,21,2,5,8
31,50,55,0.25,20,3,6,7
32,50,55,0.3,20,3,5,8
33,50,55,0.35,20,3,6,7
34,50,55,0.4,19,4,5,8
35,50,60,0.2,20,3,7,6
36,50,60,0.25,21,2,9,4
37,50,60,0.3,20,3,6,7
38,50,60,0.35,21,2,7,6
39,50,60,0.4,21,2,3,10
40,50,65,0.2,20,3,8,5
41,50,65,0.25,21,2,8,5
42,50,65,0.3,19,4,5,8
43,50,65,0.35,20,3,7,6
44,50,65,0.4,21,2,6,7
45,50,70,0.2,21,2,7,6
46,50,70,0.25,21,2,7,6
47,50,70,0.3,20,3,7,6
48,50,70,0.35,21,2,6,7
49,50,70,0.4,21,2,5,8
50,50,75,0.2,20,3,6,7
51,50,75,0.25,21,2,6,7
52,50,75,0.3,21,2,8,5
53,50,75,0.35,19,4,8,5
54,50,75,0.4,20,3,5,8
55,50,80,0.2,21,2,6,7
56,50,80,0.25,21,2,6,7
57,50,80,0.3,19,4,6,7
58,50,80,0.35,21,2,6,7
59,50,80,0.4,20,3,7,6
60,50,85,0.2,21,2,6,7
61,50,85,0.25,20,3,7,6
62,50,85,0.3,21,2,6,7
63,50,85,0.35,22,1,6,7
64,50,85,0.4,20,3,7,6
65,50,90,0.2,20,3,6,7
66,50,90,0.25,21,2,5,8
67,50,90,0.3,20,3,7,6
68,50,90,0.35,20,3,6,7
69,50,90,0.4,20,3,6,7
70,50,95,0.2,21,2,4,9
71,50,95,0.25,22,1,6,7
72,50,95,0.3,21,2,5,8
73,50,95,0.35,21,2,7,6
74,50,95,0.4,20,3,5,8
75,60,25,0.2,20,3,6,7
76,60,25,0.25,21,2,7,6
77,60,25,0.3,21,2,6,7
78,60,25,0.35,20,3,7,6
79,60,25,0.4,20,3,4,9
80,60,30,0.2,20,3,7,6
81,60,30,0.25,20,3,6,7
82,60,30,0.3,21,2,6,7
83,60,30,0.35,21,2,8,5
84,60,30,0.4,20,3,6,7
85,60,35,0.2,21,2,6,7
86,60,35,0.25,21,2,5,8
87,60,35,0.3,21,2,7,6
88,60,35,0.35,19,4,7,6
89,60,35,0.4,20,3,7,6
90,60,40,0.2,20,3,5,8
91,60,40,0.25,21,2,7,6
92,60,40,0.3,20,3,6,7
93,60,40,0.35,20,3,7,6
94,60,40,0.4,20,3,6,7
95,60,45,0.2,20,3,6,7
96,60,45,0.25,20,3,5,8
97,60,45,0.3,20,3,7,6
98,60,45,0.35,20,3,8,5
99,60,45,0.4,21,2,7,6
100,60,50,0.2,21,2,7,6
101,60,50,0.25,21,2,6,7
102,60,50,0.3,20,3,7,6
103,60,50,0.35,20,3,5,8
104,60,50,0.4,17,6,8,5
105,60,55,0.2,21,2,6,7
106,60,55,0.25,20,3,6,7
107,60,55,0.3,20,3,8,5
108,60,55,0.35,20,3,8,5
109,60,55,0.4,21,2,6,7
110,60,60,0.2,20,3,8,5
111,60,60,0.25,20,3,8,5
112,60,60,0.3,21,2,7,6
113,60,60,0.35,20,3,8,5
114,60,60,0.4,20,3,6,7
115,60,65,0.2,21,2,7,6
116,60,65,0.25,22,1,5,8
117,60,65,0.3,20,3,6,7
118,60,65,0.35,20,3,7,6
119,60,65,0.4,21,2,6,7
120,60,70,0.2,21,2,6,7
121,60,70,0.25,20,3,7,6
122,60,70,0.3,22,1,4,9
123,60,70,0.35,21,2,7,6
124,60,70,0.4,20,3,5,8
125,60,75,0.2,21,2,8,5
126,60,75,0.25,21,2,6,7
127,60,75,0.3,21,2,5,8
128,60,75,0.35,20,3,7,6
129,60,75,0.4,20,3,6,7
130,60,80,0.2,21,2,4,9
131,60,80,0.25,20,3,5,8
132,60,80,0.3,21,2,6,7
133,60,80,0.35,20,3,5,8
134,60,80,0.4,20,3,6,7
135,60,85,0.2,19,4,7,6
136,60,85,0.25,21,2,6,7
137,60,85,0.3,20,3,8,5
138,60,85,0.35,20,3,4,9
139,60,85,0.4,21,2,7,6
140,60,90,0.2,20,3,6,7
141,60,90,0.25,20,3,6,7
142,60,90,0.3,20,3,4,9
143,60,90,0.35,21,2,6,7
144,60,90,0.4,21,2,6,7
145,60,95,0.2,22,1,3,10
146,60,95,0.25,20,3,7,6
147,60,95,0.3,20,3,4,9
148,60,95,0.35,20,3,4,9
149,60,95,0.4,19,4,8,5
150,70,25,0.2,22,1,5,8
151,70,25,0.25,21,2,7,6
152,70,25,0.3,20,3,6,7
153,70,25,0.35,20,3,6,7
154,70,25,0.4,21,2,6,7
155,70,30,0.2,20,3,7,6
156,70,30,0.25,20,3,4,9
157,70,30,0.3,21,2,7,6
158,70,30,0.35,21,2,7,6
159,70,30,0.4,20,3,6,7
160,70,35,0.2,21,2,6,7
161,70,35,0.25,21,2,9,4
162,70,35,0.3,19,4,8,5
163,70,35,0.35,22,1,8,5
164,70,35,0.4,20,3,6,7
165,70,40,0.2,22,1,4,9
166,70,40,0.25,21,2,7,6
167,70,40,0.3,20,3,5,8
168,70,40,0.35,20,3,8,5
169,70,40,0.4,21,2,5,8
170,70,45,0.2,20,3,5,8
171,70,45,0.25,21,2,6,7
172,70,45,0.3,21,2,7,6
173,70,45,0.35,19,4,7,6
174,70,45,0.4,22,1,8,5
175,70,50,0.2,19,4,4,9
176,70,50,0.25,21,2,6,7
177,70,50,0.3,20,3,3,10
178,70,50,0.35,21,2,4,9
179,70,50,0.4,21,2,5,8
180,70,55,0.2,20,3,5,8
181,70,55,0.25,20,3,6,7
182,70,55,0.3,20,3,5,8
183,70,55,0.35,20,3,7,6
184,70,55,0.4,19,4,5,8
185,70,60,0.2,22,1,7,6
186,70,60,0.25,21,2,5,8
187,70,60,0.3,20,3,3,10
188,70,60,0.35,20,3,8,5
189,70,60,0.4,20,3,7,6
190,70,65,0.2,22,1,6,7
191,70,65,0.25,21,2,6,7
192,70,65,0.3,20,3,6,7
193,70,65,0.35,21,2,7,6
194,70,65,0.4,20,3,6,7
195,70,70,0.2,22,1,6,7
196,70,70,0.25,21,2,7,6
197,70,70,0.3,22,1,6,7
198,70,70,0.35,20,3,7,6
199,70,70,0.4,20,3,6,7
200,70,75,0.2,20,3,7,6
201,70,75,0.25,21,2,5,8
202,70,75,0.3,20,3,5,8
203,70,75,0.35,19,4,6,7
204,70,75,0.4,20,3,5,8
205,70,80,0.2,22,1,6,7
206,70,80,0.25,19,4,6,7
207,70,80,0.3,20,3,4,9
208,70,80,0.35,20,3,7,6
209,70,80,0.4,20,3,4,9
210,70,85,0.2,20,3,5,8
211,70,85,0.25,19,4,7,6
212,70,85,0.3,21,2,5,8
213,70,85,0.35,21,2,6,7
214,70,85,0.4,21,2,7,6
215,70,90,0.2,20,3,5,8
216,70,90,0.25,22,1,6,7
217,70,90,0.3,19,4,7,6
218,70,90,0.35,20,3,7,6
219,70,90,0.4,21,2,6,7
220,70,95,0.2,20,3,5,8
221,70,95,0.25,21,2,6,7
222,70,95,0.3,19,4,4,9
223,70,95,0.35,20,3,8,5
224,70,95,0.4,22,1,6,7
225,80,25,0.2,21,2,8,5
226,80,25,0.25,22,1,7,6
227,80,25,0.3,20,3,6,7
228,80,25,0.35,20,3,5,8
229,80,25,0.4,21,2,6,7
230,80,30,0.2,20,3,8,5
231,80,30,0.25,22,1,7,6
232,80,30,0.3,22,1,6,7
233,80,30,0.35,21,2,6,7
234,80,30,0.4,19,4,5,8
235,80,35,0.2,20,3,7,6
236,80,35,0.25,20,3,6,7
237,80,35,0.3,20,3,4,9
238,80,35,0.35,19,4,6,7
239,80,35,0.4,21,2,5,8
240,80,40,0.2,22,1,6,7
241,80,40,0.25,20,3,5,8
242,80,40,0.3,21,2,7,6
243,80,40,0.35,21,2,3,10
244,80,40,0.4,21,2,6,7
245,80,45,0.2,21,2,5,8
246,80,45,0.25,20,3,5,8
247,80,45,0.3,20,3,6,7
248,80,45,0.35,20,3,5,8
249,80,45,0.4,20,3,6,7
250,80,50,0.2,20,3,6,7
251,80,50,0.25,20,3,4,9
252,80,50,0.3,22,1,6,7
253,80,50,0.35,20,3,7,6
254,80,50,0.4,20,3,7,6
255,80,55,0.2,21,2,6,7
256,80,55,0.25,20,3,7,6
257,80,55,0.3,20,3,4,9
258,80,55,0.35,21,2,5,8
259,80,55,0.4,21,2,7,6
260,80,60,0.2,21,2,4,9
261,80,60,0.25,21,2,5,8
262,80,60,0.3,20,3,9,4
263,80,60,0.35,21,2,6,7
264,80,60,0.4,21,2,5,8
265,80,65,0.2,19,4,6,7
266,80,65,0.25,20,3,6,7
267,80,65,0.3,20,3,8,5
268,80,65,0.35,20,3,7,6
269,80,65,0.4,19,4,6,7
270,80,70,0.2,21,2,6,7
271,80,70,0.25,21,2,6,7
272,80,70,0.3,19,4,6,7
273,80,70,0.35,20,3,8,5
274,80,70,0.4,21,2,6,7
275,80,75,0.2,20,3,5,8
276,80,75,0.25,20,3,8,5
277,80,75,0.3,20,3,5,8
278,80,75,0.35,22,1,6,7
279,80,75,0.4,22,1,4,9
280,80,80,0.2,20,3,5,8
281,80,80,0.25,20,3,4,9
282,80,80,0.3,21,2,6,7
283,80,80,0.35,20,3,6,7
284,80,80,0.4,20,3,6,7
285,80,85,0.2,20,3,4,9
286,80,85,0.25,20,3,6,7
287,80,85,0.3,20,3,7,6
288,80,85,0.35,20,3,7,6
289,80,85,0.4,20,3,8,5
290,80,90,0.2,21,2,7,6
291,80,90,0.25,20,3,6,7
292,80,90,0.3,21,2,8,5
293,80,90,0.35,20,3,5,8
294,80,90,0.4,20,3,7,6
295,80,95,0.2,21,2,7,6
296,80,95,0.25,21,2,4,9
297,80,95,0.3,19,4,8,5
298,80,95,0.35,20,3,7,6
299,80,95,0.4,20,3,7,6
300,90,25,0.2,22,1,7,6
301,90,25,0.25,21,2,6,7
302,90,25,0.3,21,2,7,6
303,90,25,0.35,21,2,7,6
304,90,25,0.4,21,2,6,7
305,90,30,0.2,20,3,6,7
306,90,30,0.25,21,2,6,7
307,90,30,0.3,22,1,6,7
308,90,30,0.35,20,3,6,7
309,90,30,0.4,20,3,5,8
310,90,35,0.2,21,2,6,7
311,90,35,0.25,20,3,6,7
312,90,35,0.3,19,4,8,5
313,90,35,0.35,20,3,7,6
314,90,35,0.4,21,2,6,7
315,90,40,0.2,19,4,7,6
316,90,40,0.25,20,3,6,7
317,90,40,0.3,20,3,5,8
318,90,40,0.35,20,3,6,7
319,90,40,0.4,21,2,7,6
320,90,45,0.2,20,3,7,6
321,90,45,0.25,21,2,7,6
322,90,45,0.3,20,3,6,7
323,90,45,0.35,20,3,5,8
324,90,45,0.4,21,2,6,7
325,90,50,0.2,19,4,4,9
326,90,50,0.25,19,4,7,6
327,90,50,0.3,22,1,6,7
328,90,50,0.35,20,3,6,7
329,90,50,0.4,20,3,6,7
330,90,55,0.2,20,3,6,7
331,90,55,0.25,21,2,5,8
332,90,55,0.3,20,3,6,7
333,90,55,0.35,21,2,6,7
334,90,55,0.4,20,3,7,6
335,90,60,0.2,20,3,4,9
336,90,60,0.25,20,3,7,6
337,90,60,0.3,21,2,7,6
338,90,60,0.35,20,3,5,8
339,90,60,0.4,20,3,7,6
340,90,65,0.2,21,2,6,7
341,90,65,0.25,20,3,8,5
342,90,65,0.3,21,2,6,7
343,90,65,0.35,21,2,7,6
344,90,65,0.4,20,3,6,7
345,90,70,0.2,20,3,6,7
346,90,70,0.25,21,2,6,7
347,90,70,0.3,21,2,7,6
348,90,70,0.35,20,3,6,7
349,90,70,0.4,20,3,5,8
350,90,75,0.2,20,3,8,5
351,90,75,0.25,20,3,7,6
352,90,75,0.3,20,3,7,6
353,90,75,0.35,22,1,6,7
354,90,75,0.4,21,2,6,7
355,90,80,0.2,20,3,5,8
356,90,80,0.25,21,2,6,7
357,90,80,0.3,20,3,8,5
358,90,80,0.35,22,1,5,8
359,90,80,0.4,21,2,5,8
360,90,85,0.2,21,2,6,7
361,90,85,0.25,21,2,5,8
362,90,85,0.3,20,3,6,7
363,90,85,0.35,20,3,5,8
364,90,85,0.4,20,3,6,7
365,90,90,0.2,21,2,4,9
366,90,90,0.25,21,2,5,8
367,90,90,0.3,21,2,7,6
368,90,90,0.35,20,3,8,5
369,90,90,0.4,21,2,4,9
370,90,95,0.2,20,3,7,6
371,90,95,0.25,20,3,7,6
372,90,95,0.3,20,3,6,7
373,90,95,0.35,20,3,7,6
374,90,95,0.4,20,3,7,6
375,100,25,0.2,20,3,8,5
376,100,25,0.25,22,1,6,7
377,100,25,0.3,21,2,8,5
378,100,25,0.35,22,1,8,5
379,100,25,0.4,21,2,6,7
380,100,30,0.2,20,3,5,8
381,100,30,0.25,20,3,6,7
382,100,30,0.3,21,2,5,8
383,100,30,0.35,20,3,7,6
384,100,30,0.4,20,3,7,6
385,100,35,0.2,21,2,5,8
386,100,35,0.25,20,3,7,6
387,100,35,0.3,19,4,4,9
388,100,35,0.35,22,1,6,7
389,100,35,0.4,20,3,7,6
390,100,40,0.2,21,2,5,8
391,100,40,0.25,21,2,8,5
392,100,40,0.3,20,3,8,5
393,100,40,0.35,21,2,5,8
394,100,40,0.4,21,2,5,8
395,100,45,0.2,20,3,6,7
396,100,45,0.25,21,2,4,9
397,100,45,0.3,20,3,5,8
398,100,45,0.35,19,4,6,7
399,100,45,0.4,21,2,6,7
400,100,50,0.2,21,2,6,7
401,100,50,0.25,20,3,6,7
402,100,50,0.3,20,3,7,6
403,100,50,0.35,21,2,6,7
404,100,50,0.4,21,2,6,7
405,100,55,0.2,20,3,4,9
406,100,55,0.25,20,3,6,7
407,100,55,0.3,20,3,6,7
408,100,55,0.35,21,2,6,7
409,100,55,0.4,20,3,6,7
410,100,60,0.2,20,3,5,8
411,100,60,0.25,20,3,5,8
412,100,60,0.3,20,3,8,5
413,100,60,0.35,19,4,6,7
414,100,60,0.4,20,3,7,6
415,100,65,0.2,21,2,6,7
416,100,65,0.25,20,3,6,7
417,100,65,0.3,22,1,6,7
418,100,65,0.35,20,3,6,7
419,100,65,0.4,20,3,7,6
420,100,70,0.2,20,3,6,7
421,100,70,0.25,19,4,8,5
422,100,70,0.3,21,2,7,6
423,100,70,0.35,22,1,4,9
424,100,70,0.4,20,3,6,7
425,100,75,0.2,21,2,7,6
426,100,75,0.25,21,2,5,8
427,100,75,0.3,20,3,6,7
428,100,75,0.35,20,3,6,7
429,100,75,0.4,19,4,7,6
430,100,80,0.2,21,2,8,5
431,100,80,0.25,20,3,4,9
432,100,80,0.3,21,2,6,7
433,100,80,0.35,20,3,6,7
434,100,80,0.4,22,1,6,7
435,100,85,0.2,20,3,6,7
436,100,85,0.25,21,2,7,6
437,100,85,0.3,22,1,6,7
438,100,85,0.35,21,2,6,7
439,100,85,0.4,20,3,6,7
440,100,90,0.2,22,1,6,7
441,100,90,0.25,21,2,6,7
442,100,90,0.3,22,1,6,7
443,100,90,0.35,21,2,7,6
444,100,90,0.4,19,4,4,9
445,100,95,0.2,20,3,5,8
446,100,95,0.25,21,2,7,6
447,100,95,0.3,20,3,6,7
448,100,95,0.35,20,3,6,7
449,100,95,0.4,19,4,6,7
450,110,25,0.2,22,1,6,7
451,110,25,0.25,19,4,7,6
452,110,25,0.3,20,3,7,6
453,110,25,0.35,21,2,6,7
454,110,25,0.4,21,2,5,8
455,110,30,0.2,19,4,6,7
456,110,30,0.25,18,5,8,5
457,110,30,0.3,20,3,5,8
458,110,30,0.35,19,4,7,6
459,110,30,0.4,21,2,5,8
460,110,35,0.2,20,3,6,7
461,110,35,0.25,21,2,6,7
462,110,35,0.3,20,3,5,8
463,110,35,0.35,20,3,7,6
464,110,35,0.4,20,3,7,6
465,110,40,0.2,21,2,7,6
466,110,40,0.25,21,2,6,7
467,110,40,0.3,20,3,5,8
468,110,40,0.35,20,3,6,7
469,110,40,0.4,20,3,6,7
470,110,45,0.2,20,3,7,6
471,110,45,0.25,21,2,8,5
472,110,45,0.3,20,3,6,7
473,110,45,0.35,20,3,7,6
474,110,45,0.4,20,3,6,7
475,110,50,0.2,20,3,4,9
476,110,50,0.25,20,3,5,8
477,110,50,0.3,20,3,6,7
478,110,50,0.35,21,2,4,9
479,110,50,0.4,20,3,5,8
480,110,55,0.2,20,3,8,5
481,110,55,0.25,20,3,5,8
482,110,55,0.3,20,3,6,7
483,110,55,0.35,21,2,4,9
484,110,55,0.4,20,3,7,6
485,110,60,0.2,21,2,7,6
486,110,60,0.25,20,3,6,7
487,110,60,0.3,20,3,4,9
488,110,60,0.35,20,3,8,5
489,110,60,0.4,20,3,5,8
490,110,65,0.2,21,2,6,7
491,110,65,0.25,20,3,5,8
492,110,65,0.3,22,1,7,6
493,110,65,0.35,21,2,6,7
494,110,65,0.4,21,2,7,6
495,110,70,0.2,21,2,5,8
496,110,70,0.25,20,3,7,6
497,110,70,0.3,21,2,6,7
498,110,70,0.35,20,3,6,7
499,110,70,0.4,20,3,9,4
500,110,75,0.2,21,2,6,7
501,110,75,0.25,20,3,7,6
502,110,75,0.3,20,3,5,8
503,110,75,0.35,20,3,7,6
504,110,75,0.4,21,2,8,5
505,110,80,0.2,20,3,5,8
506,110,80,0.25,21,2,6,7
507,110,80,0.3,22,1,4,9
508,110,80,0.35,21,2,5,8
509,110,80,0.4,20,3,5,8
510,110,85,0.2,20,3,8,5
511,110,85,0.25,22,1,4,9
512,110,85,0.3,20,3,6,7
513,110,85,0.35,20,3,4,9
514,110,85,0.4,20,3,7,6
515,110,90,0.2,20,3,6,7
516,110,90,0.25,21,2,8,5
517,110,90,0.3,20,3,7,6
518,110,90,0.35,21,2,5,8
519,110,90,0.4,21,2,8,5
520,110,95,0.2,21,2,6,7
521,110,95,0.25,20,3,7,6
522,110,95,0.3,20,3,8,5
523,110,95,0.35,20,3,7,6
524,110,95,0.4,21,2,4,9
525,120,25,0.2,20,3,5,8
526,120,25,0.25,19,4,7,6
527,120,25,0.3,20,3,4,9
528,120,25,0.35,21,2,4,9
529,120,25,0.4,19,4,7,6
530,120,30,0.2,20,3,6,7
531,120,30,0.25,20,3,7,6
532,120,30,0.3,20,3,7,6
533,120,30,0.35,20,3,7,6
534,120,30,0.4,19,4,7,6
535,120,35,0.2,19,4,8,5
536,120,35,0.25,21,2,6,7
537,120,35,0.3,21,2,6,7
538,120,35,0.35,21,2,4,9
539,120,35,0.4,20,3,5,8
540,120,40,0.2,20,3,6,7
541,120,40,0.25,21,2,7,6
542,120,40,0.3,19,4,7,6
543,120,40,0.35,20,3,7,6
544,120,40,0.4,20,3,7,6
545,120,45,0.2,21,2,6,7
546,120,45,0.25,20,3,8,5
547,120,45,0.3,22,1,7,6
548,120,45,0.35,21,2,6,7
549,120,45,0.4,20,3,7,6
550,120,50,0.2,21,2,7,6
551,120,50,0.25,20,3,6,7
552,120,50,0.3,21,2,6,7
553,120,50,0.35,22,1,6,7
554,120,50,0.4,20,3,4,9
555,120,55,0.2,20,3,7,6
556,120,55,0.25,22,1,7,6
557,120,55,0.3,21,2,7,6
558,120,55,0.35,20,3,7,6
559,120,55,0.4,19,4,5,8
560,120,60,0.2,21,2,6,7
561,120,60,0.25,19,4,6,7
562,120,60,0.3,21,2,7,6
563,120,60,0.35,20,3,7,6
564,120,60,0.4,20,3,7,6
565,120,65,0.2,20,3,6,7
566,120,65,0.25,20,3,6,7
567,120,65,0.3,19,4,8,5
568,120,65,0.35,20,3,4,9
569,120,65,0.4,20,3,7,6
570,120,70,0.2,20,3,8,5
571,120,70,0.25,22,1,6,7
572,120,70,0.3,21,2,7,6
573,120,70,0.35,20,3,5,8
574,120,70,0.4,21,2,6,7
575,120,75,0.2,22,1,6,7
576,120,75,0.25,22,1,7,6
577,120,75,0.3,22,1,7,6
578,120,75,0.35,20,3,7,6
579,120,75,0.4,20,3,6,7
580,120,80,0.2,19,4,5,8
581,120,80,0.25,20,3,6,7
582,120,80,0.3,21,2,5,8
583,120,80,0.35,21,2,5,8
584,120,80,0.4,22,1,5,8
585,120,85,0.2,21,2,6,7
586,120,85,0.25,21,2,5,8
587,120,85,0.3,20,3,6,7
588,120,85,0.35,20,3,5,8
589,120,85,0.4,21,2,6,7
590,120,90,0.2,20,3,4,9
591,120,90,0.25,21,2,6,7
592,120,90,0.3,21,2,6,7
593,120,90,0.35,20,3,6,7
594,120,90,0.4,20,3,4,9
595,120,95,0.2,21,2,4,9
596,120,95,0.25,20,3,7,6
597,120,95,0.3,20,3,7,6
598,120,95,0.35,20,3,7,6
599,120,95,0.4,21,2,6,7
600,130,25,0.2,22,1,6,7
601,130,25,0.25,20,3,7,6
602,130,25,0.3,20,3,6,7
603,130,25,0.35,21,2,6,7
604,130,25,0.4,19,4,7,6
605,130,30,0.2,22,1,5,8
606,130,30,0.25,20,3,5,8
607,130,30,0.3,21,2,7,6
608,130,30,0.35,21,2,5,8
609,130,30,0.4,20,3,5,8
610,130,35,0.2,22,1,6,7
611,130,35,0.25,22,1,4,9
612,130,35,0.3,21,2,6,7
613,130,35,0.35,21,2,7,6
614,130,35,0.4,21,2,7,6
615,130,40,0.2,20,3,6,7
616,130,40,0.25,20,3,7,6
617,130,40,0.3,21,2,6,7
618,130,40,0.35,22,1,6,7
619,130,40,0.4,21,2,7,6
620,130,45,0.2,20,3,6,7
621,130,45,0.25,21,2,5,8
622,130,45,0.3,22,1,6,7
623,130,45,0.35,20,3,7,6
624,130,45,0.4,20,3,7,6
625,130,50,0.2,20,3,7,6
626,130,50,0.25,20,3,7,6
627,130,50,0.3,20,3,6,7
628,130,50,0.35,20,3,6,7
629,130,50,0.4,21,2,6,7
630,130,55,0.2,21,2,5,8
631,130,55,0.25,20,3,6,7
632,130,55,0.3,20,3,7,6
633,130,55,0.35,20,3,6,7
634,130,55,0.4,22,1,6,7
635,130,60,0.2,20,3,6,7
636,130,60,0.25,20,3,6,7
637,130,60,0.3,21,2,7,6
638,130,60,0.35,21,2,6,7
639,130,60,0.4,19,4,6,7
640,130,65,0.2,20,3,7,6
641,130,65,0.25,21,2,4,9
642,130,65,0.3,21,2,6,7
643,130,65,0.35,21,2,7,6
644,130,65,0.4,19,4,7,6
645,130,70,0.2,20,3,6,7
646,130,70,0.25,19,4,7,6
647,130,70,0.3,20,3,6,7
648,130,70,0.35,21,2,6,7
649,130,70,0.4,20,3,4,9
650,130,75,0.2,20,3,6,7
651,130,75,0.25,22,1,4,9
652,130,75,0.3,20,3,5,8
653,130,75,0.35,20,3,6,7
654,130,75,0.4,20,3,5,8
655,130,80,0.2,20,3,7,6
656,130,80,0.25,20,3,5,8
657,130,80,0.3,21,2,5,8
658,130,80,0.35,20,3,6,7
659,130,80,0.4,22,1,6,7
660,130,85,0.2,22,1,6,7
661,130,85,0.25,21,2,4,9
662,130,85,0.3,20,3,6,7
663,130,85,0.35,18,5,7,6
664,130,85,0.4,21,2,6,7
665,130,90,0.2,20,3,6,7
666,130,90,0.25,21,2,5,8
667,130,90,0.3,20,3,7,6
668,130,90,0.35,21,2,7,6
669,130,90,0.4,20,3,7,6
670,130,95,0.2,22,1,6,7
671,130,95,0.25,22,1,6,7
672,130,95,0.3,20,3,6,7
673,130,95,0.35,20,3,7,6
674,130,95,0.4,21,2,5,8
675,140,25,0.2,19,4,8,5
676,140,25,0.25,21,2,4,9
677,140,25,0.3,21,2,6,7
678,140,25,0.35,20,3,8,5
679,140,25,0.4,20,3,4,9
680,140,30,0.2,21,2,6,7
681,140,30,0.25,21,2,7,6
682,140,30,0.3,20,3,7,6
683,140,30,0.35,20,3,6,7
684,140,30,0.4,20,3,7,6
685,140,35,0.2,20,3,7,6
686,140,35,0.25,21,2,6,7
687,140,35,0.3,21,2,5,8
688,140,35,0.35,19,4,7,6
689,140,35,0.4,20,3,6,7
690,140,40,0.2,21,2,7,6
691,140,40,0.25,21,2,5,8
692,140,40,0.3,21,2,6,7
693,140,40,0.35,20,3,7,6
694,140,40,0.4,21,2,7,6
695,140,45,0.2,20,3,6,7
696,140,45,0.25,21,2,5,8
697,140,45,0.3,20,3,6,7
698,140,45,0.35,20,3,9,4
699,140,45,0.4,22,1,6,7
700,140,50,0.2,22,1,6,7
701,140,50,0.25,20,3,6,7
702,140,50,0.3,20,3,6,7
703,140,50,0.35,19,4,7,6
704,140,50,0.4,21,2,7,6
705,140,55,0.2,21,2,8,5
706,140,55,0.25,19,4,8,5
707,140,55,0.3,22,1,6,7
708,140,55,0.35,19,4,7,6
709,140,55,0.4,22,1,6,7
710,140,60,0.2,21,2,7,6
711,140,60,0.25,21,2,6,7
712,140,60,0.3,20,3,7,6
713,140,60,0.35,21,2,6,7
714,140,60,0.4,22,1,6,7
715,140,65,0.2,20,3,7,6
716,140,65,0.25,20,3,6,7
717,140,65,0.3,19,4,8,5
718,140,65,0.35,20,3,4,9
719,140,65,0.4,20,3,6,7
720,140,70,0.2,19,4,7,6
721,140,70,0.25,20,3,6,7
722,140,70,0.3,20,3,6,7
723,140,70,0.35,20,3,5,8
724,140,70,0.4,21,2,6,7
725,140,75,0.2,19,4,9,4
726,140,75,0.25,20,3,6,7
727,140,75,0.3,21,2,7,6
728,140,75,0.35,20,3,4,9
729,140,75,0.4,20,3,6,7
730,140,80,0.2,21,2,6,7
731,140,80,0.25,20,3,4,9
732,140,80,0.3,22,1,6,7
733,140,80,0.35,20,3,6,7
734,140,80,0.4,21,2,4,9
735,140,85,0.2,21,2,7,6
736,140,85,0.25,20,3,4,9
737,140,85,0.3,21,2,4,9
738,140,85,0.35,21,2,7,6
739,140,85,0.4,20,3,7,6
740,140,90,0.2,21,2,7,6
741,140,90,0.25,22,1,6,7
742,140,90,0.3,20,3,7,6
743,140,90,0.35,21,2,6,7
744,140,90,0.4,21,2,7,6
745,140,95,0.2,21,2,5,8
746,140,95,0.25,19,4,6,7
747,140,95,0.3,20,3,7,6
748,140,95,0.35,20,3,8,5
749,140,95,0.4,20,3,4,9
750,150,25,0.2,21,2,6,7
751,150,25,0.25,21,2,6,7
752,150,25,0.3,18,5,8,5
753,150,25,0.35,20,3,7,6
754,150,25,0.4,20,3,6,7
755,150,30,0.2,20,3,5,8
756,150,30,0.25,21,2,6,7
757,150,30,0.3,20,3,7,6
758,150,30,0.35,20,3,6,7
759,150,30,0.4,20,3,7,6
760,150,35,0.2,20,3,6,7
761,150,35,0.25,21,2,7,6
762,150,35,0.3,20,3,7,6
763,150,35,0.35,21,2,5,8
764,150,35,0.4,20,3,7,6
765,150,40,0.2,22,1,6,7
766,150,40,0.25,20,3,7,6
767,150,40,0.3,21,2,7,6
768,150,40,0.35,20,3,7,6
769,150,40,0.4,22,1,6,7
770,150,45,0.2,20,3,5,8
771,150,45,0.25,22,1,7,6
772,150,45,0.3,20,3,5,8
773,150,45,0.35,21,2,7,6
774,150,45,0.4,21,2,7,6
775,150,50,0.2,22,1,6,7
776,150,50,0.25,20,3,4,9
777,150,50,0.3,21,2,7,6
778,150,50,0.35,20,3,7,6
779,150,50,0.4,20,3,7,6
780,150,55,0.2,21,2,7,6
781,150,55,0.25,20,3,6,7
782,150,55,0.3,20,3,7,6
783,150,55,0.35,20,3,7,6
784,150,55,0.4,20,3,6,7
785,150,60,0.2,20,3,6,7
786,150,60,0.25,22,1,5,8
787,150,60,0.3,19,4,7,6
788,150,60,0.35,20,3,6,7
789,150,60,0.4,20,3,5,8
790,150,65,0.2,22,1,7,6
791,150,65,0.25,20,3,5,8
792,150,65,0.3,20,3,6,7
793,150,65,0.35,20,3,4,9
794,150,65,0.4,21,2,6,7
795,150,70,0.2,21,2,5,8
796,150,70,0.25,19,4,5,8
797,150,70,0.3,20,3,7,6
798,150,70,0.35,20,3,7,6
799,150,70,0.4,20,3,8,5
800,150,75,0.2,20,3,4,9
801,150,75,0.25,20,3,6,7
802,150,75,0.3,19,4,8,5
803,150,75,0.35,21,2,8,5
804,150,75,0.4,20,3,7,6
805,150,80,0.2,20,3,6,7
806,150,80,0.25,20,3,4,9
807,150,80,0.3,20,3,6,7
808,150,80,0.35,20,3,5,8
809,150,80,0.4,20,3,6,7
810,150,85,0.2,21,2,6,7
811,150,85,0.25,20,3,8,5
812,150,85,0.3,20,3,6,7
813,150,85,0.35,21,2,5,8
814,150,85,0.4,20,3,6,7
815,150,90,0.2,20,3,7,6
816,150,90,0.25,21,2,6,7
817,150,90,0.3,21,2,7,6
818,150,90,0.35,21,2,5,8
819,150,90,0.4,20,3,6,7
820,150,95,0.2,20,3,7,6
821,150,95,0.25,20,3,5,8
822,150,95,0.3,21,2,7,6
823,150,95,0.35,20,3,6,7
824,150,95,0.4,20,3,6,7
825,160,25,0.2,20,3,6,7
826,160,25,0.25,20,3,7,6
827,160,25,0.3,20,3,8,5
828,160,25,0.35,19,4,7,6
829,160,25,0.4,20,3,6,7
830,160,30,0.2,20,3,7,6
831,160,30,0.25,19,4,6,7
832,160,30,0.3,20,3,5,8
833,160,30,0.35,21,2,7,6
834,160,30,0.4,20,3,6,7
835,160,35,0.2,21,2,7,6
836,160,35,0.25,20,3,5,8
837,160,35,0.3,21,2,6,7
838,160,35,0.35,20,3,5,8
839,160,35,0.4,20,3,6,7
840,160,40,0.2,21,2,6,7
841,160,40,0.25,21,2,7,6
842,160,40,0.3,18,5,6,7
843,160,40,0.35,19,4,6,7
844,160,40,0.4,21,2,6,7
845,160,45,0.2,19,4,7,6
846,160,45,0.25,21,2,7,6
847,160,45,0.3,21,2,8,5
848,160,45,0.35,20,3,5,8
849,160,45,0.4,21,2,7,6
850,160,50,0.2,20,3,5,8
851,160,50,0.25,21,2,6,7
852,160,50,0.3,20,3,6,7
853,160,50,0.35,21,2,6,7
854,160,50,0.4,20,3,6,7
855,160,55,0.2,21,2,4,9
856,160,55,0.25,20,3,6,7
857,160,55,0.3,20,3,9,4
858,160,55,0.35,20,3,6,7
859,160,55,0.4,20,3,5,8
860,160,60,0.2,20,3,6,7
861,160,60,0.25,19,4,7,6
862,160,60,0.3,21,2,6,7
863,160,60,0.35,20,3,8,5
864,160,60,0.4,21,2,5,8
865,160,65,0.2,21,2,6,7
866,160,65,0.25,21,2,4,9
867,160,65,0.3,20,3,7,6
868,160,65,0.35,19,4,5,8
869,160,65,0.4,21,2,6,7
870,160,70,0.2,21,2,7,6
871,160,70,0.25,19,4,7,6
872,160,70,0.3,20,3,6,7
873,160,70,0.35,20,3,7,6
874,160,70,0.4,20,3,8,5
875,160,75,0.2,20,3,6,7
876,160,75,0.25,21,2,4,9
877,160,75,0.3,20,3,6,7
878,160,75,0.35,20,3,5,8
879,160,75,0.4,21,2,6,7
880,160,80,0.2,20,3,5,8
881,160,80,0.25,22,1,7,6
882,160,80,0.3,21,2,5,8
883,160,80,0.35,20,3,7,6
884,160,80,0.4,20,3,5,8
885,160,85,0.2,20,3,5,8
886,160,85,0.25,22,1,5,8
887,160,85,0.3,21,2,5,8
888,160,85,0.35,21,2,6,7
889,160,85,0.4,20,3,5,8
890,160,90,0.2,21,2,5,8
891,160,90,0.25,20,3,6,7
892,160,90,0.3,20,3,7,6
893,160,90,0.35,21,2,3,10
894,160,90,0.4,20,3,6,7
895,160,95,0.2,21,2,6,7
896,160,95,0.25,21,2,5,8
897,160,95,0.3,22,1,8,5
898,160,95,0.35,20,3,6,7
899,160,95,0.4,21,2,7,6
900,170,25,0.2,21,2,6,7
901,170,25,0.25,19,4,6,7
902,170,25,0.3,21,2,6,7
903,170,25,0.35,21,2,5,8
904,170,25,0.4,21,2,6,7
905,170,30,0.2,20,3,6,7
906,170,30,0.25,21,2,7,6
907,170,30,0.3,21,2,6,7
908,170,30,0.35,21,2,6,7
909,170,30,0.4,21,2,7,6
910,170,35,0.2,20,3,7,6
911,170,35,0.25,19,4,6,7
912,170,35,0.3,21,2,6,7
913,170,35,0.35,21,2,7,6
914,170,35,0.4,20,3,8,5
915,170,40,0.2,21,2,3,10
916,170,40,0.25,20,3,8,5
917,170,40,0.3,20,3,7,6
918,170,40,0.35,20,3,8,5
919,170,40,0.4,20,3,6,7
920,170,45,0.2,20,3,7,6
921,170,45,0.25,20,3,6,7
922,170,45,0.3,22,1,5,8
923,170,45,0.35,20,3,5,8
924,170,45,0.4,20,3,6,7
925,170,50,0.2,20,3,5,8
926,170,50,0.25,20,3,7,6
927,170,50,0.3,22,1,7,6
928,170,50,0.35,20,3,6,7
929,170,50,0.4,21,2,4,9
930,170,55,0.2,21,2,6,7
931,170,55,0.25,20,3,5,8
932,170,55,0.3,19,4,7,6
933,170,55,0.35,22,1,7,6
934,170,55,0.4,20,3,5,8
935,170,60,0.2,20,3,6,7
936,170,60,0.25,19,4,7,6
937,170,60,0.3,20,3,6,7
938,170,60,0.35,20,3,6,7
939,170,60,0.4,21,2,5,8
940,170,65,0.2,21,2,6,7
941,170,65,0.25,20,3,6,7
942,170,65,0.3,20,3,4,9
943,170,65,0.35,22,1,6,7
944,170,65,0.4,21,2,7,6
945,170,70,0.2,20,3,6,7
946,170,70,0.25,19,4,7,6
947,170,70,0.3,20,3,6,7
948,170,70,0.35,20,3,7,6
949,170,70,0.4,20,3,6,7
950,170,75,0.2,20,3,7,6
951,170,75,0.25,20,3,5,8
952,170,75,0.3,20,3,8,5
953,170,75,0.35,20,3,7,6
954,170,75,0.4,20,3,8,5
955,170,80,0.2,21,2,6,7
956,170,80,0.25,21,2,6,7
957,170,80,0.3,21,2,8,5
958,170,80,0.35,20,3,7,6
959,170,80,0.4,19,4,6,7
960,170,85,0.2,22,1,6,7
961,170,85,0.25,20,3,7,6
962,170,85,0.3,20,3,7,6
963,170,85,0.35,21,2,5,8
964,170,85,0.4,21,2,6,7
965,170,90,0.2,20,3,7,6
966,170,90,0.25,20,3,6,7
967,170,90,0.3,20,3,6,7
968,170,90,0.35,22,1,7,6
969,170,90,0.4,20,3,7,6
970,170,95,0.2,22,1,6,7
971,170,95,0.25,21,2,6,7
972,170,95,0.3,21,2,6,7
973,170,95,0.35,20,3,7,6
974,170,95,0.4,21,2,6,7
975,180,25,0.2,20,3,5,8
976,180,25,0.25,19,4,8,5
977,180,25,0.3,21,2,6,7
978,180,25,0.35,21,2,5,8
979,180,25,0.4,20,3,6,7
980,180,30,0.2,20,3,7,6
981,180,30,0.25,21,2,5,8
982,180,30,0.3,22,1,6,7
983,180,30,0.35,20,3,6,7
984,180,30,0.4,20,3,6,7
985,180,35,0.2,21,2,5,8
986,180,35,0.25,20,3,4,9
987,180,35,0.3,21,2,6,7
988,180,35,0.35,20,3,7,6
989,180,35,0.4,21,2,6,7
990,180,40,0.2,20,3,6,7
991,180,40,0.25,21,2,4,9
992,180,40,0.3,21,2,6,7
993,180,40,0.35,19,4,7,6
994,180,40,0.4,20,3,6,7
995,180,45,0.2,20,3,5,8
996,180,45,0.25,19,4,6,7
997,180,45,0.3,21,2,5,8
998,180,45,0.35,20,3,6,7
999,180,45,0.4,21,2,6,7
1000,180,50,0.2,20,3,6,7
1001,180,50,0.25,22,1,8,5
1002,180,50,0.3,21,2,5,8
1003,180,50,0.35,20,3,4,9
1004,180,50,0.4,20,3,6,7
1005,180,55,0.2,21,2,7,6
1006,180,55,0.25,20,3,4,9
1007,180,55,0.3,20,3,5,8
1008,180,55,0.35,20,3,8,5
1009,180,55,0.4,20,3,7,6
1010,180,60,0.2,21,2,7,6
1011,180,60,0.25,20,3,6,7
1012,180,60,0.3,20,3,6,7
1013,180,60,0.35,21,2,6,7
1014,180,60,0.4,20,3,7,6
1015,180,65,0.2,21,2,7,6
1016,180,65,0.25,20,3,7,6
1017,180,65,0.3,19,4,8,5
1018,180,65,0.35,19,4,6,7
1019,180,65,0.4,19,4,7,6
1020,180,70,0.2,21,2,7,6
1021,180,70,0.25,20,3,6,7
1022,180,70,0.3,20,3,6,7
1023,180,70,0.35,20,3,7,6
1024,180,70,0.4,21,2,6,7
1025,180,75,0.2,20,3,8,5
1026,180,75,0.25,21,2,7,6
1027,180,75,0.3,21,2,7,6
1028,180,75,0.35,21,2,5,8
1029,180,75,0.4,20,3,9,4
1030,180,80,0.2,20,3,6,7
1031,180,80,0.25,21,2,4,9
1032,180,80,0.3,21,2,6,7
1033,180,80,0.35,22,1,7,6
1034,180,80,0.4,20,3,7,6
1035,180,85,0.2,20,3,7,6
1036,180,85,0.25,22,1,7,6
1037,180,85,0.3,20,3,7,6
1038,180,85,0.35,21,2,8,5
1039,180,85,0.4,20,3,7,6
1040,180,90,0.2,21,2,6,7
1041,180,90,0.25,21,2,6,7
1042,180,90,0.3,20,3,6,7
1043,180,90,0.35,20,3,5,8
1044,180,90,0.4,20,3,5,8
1045,180,95,0.2,21,2,6,7
1046,180,95,0.25,21,2,6,7
1047,180,95,0.3,20,3,7,6
1048,180,95,0.35,21,2,6,7
1049,180,95,0.4,20,3,9,4
1050,190,25,0.2,20,3,6,7
1051,190,25,0.25,21,2,6,7
1052,190,25,0.3,20,3,4,9
1053,190,25,0.35,22,1,6,7
1054,190,25,0.4,20,3,7,6
1055,190,30,0.2,20,3,6,7
1056,190,30,0.25,21,2,6,7
1057,190,30,0.3,20,3,6,7
1058,190,30,0.35,20,3,7,6
1059,190,30,0.4,19,4,8,5
1060,190,35,0.2,20,3,7,6
1061,190,35,0.25,20,3,7,6
1062,190,35,0.3,21,2,6,7
1063,190,35,0.35,20,3,5,8
1064,190,35,0.4,20,3,4,9
1065,190,40,0.2,20,3,5,8
1066,190,40,0.25,20,3,7,6
1067,190,40,0.3,20,3,8,5
1068,190,40,0.35,21,2,7,6
1069,190,40,0.4,20,3,7,6
1070,190,45,0.2,20,3,3,10
1071,190,45,0.25,20,3,7,6
1072,190,45,0.3,20,3,6,7
1073,190,45,0.35,22,1,6,7
1074,190,45,0.4,20,3,6,7
1075,190,50,0.2,21,2,5,8
1076,190,50,0.25,20,3,6,7
1077,190,50,0.3,20,3,3,10
1078,190,50,0.35,22,1,6,7
1079,190,50,0.4,21,2,8,5
1080,190,55,0.2,20,3,6,7
1081,190,55,0.25,20,3,7,6
1082,190,55,0.3,20,3,6,7
1083,190,55,0.35,19,4,6,7
1084,190,55,0.4,21,2,5,8
1085,190,60,0.2,20,3,6,7
1086,190,60,0.25,20,3,5,8
1087,190,60,0.3,20,3,8,5
1088,190,60,0.35,20,3,6,7
1089,190,60,0.4,20,3,5,8
1090,190,65,0.2,21,2,7,6
1091,190,65,0.25,20,3,6,7
1092,190,65,0.3,21,2,7,6
1093,190,65,0.35,20,3,5,8
1094,190,65,0.4,22,1,7,6
1095,190,70,0.2,22,1,8,5
1096,190,70,0.25,21,2,4,9
1097,190,70,0.3,20,3,7,6
1098,190,70,0.35,20,3,6,7
1099,190,70,0.4,20,3,6,7
1100,190,75,0.2,21,2,7,6
1101,190,75,0.25,20,3,7,6
1102,190,75,0.3,20,3,6,7
1103,190,75,0.35,21,2,6,7
1104,190,75,0.4,20,3,6,7
1105,190,80,0.2,21,2,7,6
1106,190,80,0.25,19,4,4,9
1107,190,80,0.3,21,2,7,6
1108,190,80,0.35,20,3,6,7
1109,190,80,0.4,19,4,8,5
1110,190,85,0.2,20,3,4,9
1111,190,85,0.25,20,3,6,7
1112,190,85,0.3,22,1,6,7
1113,190,85,0.35,21,2,4,9
1114,190,85,0.4,20,3,6,7
1115,190,90,0.2,21,2,6,7
1116,190,90,0.25,20,3,5,8
1117,190,90,0.3,21,2,5,8
1118,190,90,0.35,20,3,6,7
1119,190,90,0.4,20,3,7,6
1120,190,95,0.2,21,2,7,6
1121,190,95,0.25,20,3,4,9
1122,190,95,0.3,21,2,7,6
1123,190,95,0.35,20,3,8,5
1124,190,95,0.4,21,2,5,8
1125,200,25,0.2,20,3,5,8
1126,200,25,0.25,21,2,5,8
1127,200,25,0.3,21,2,7,6
1128,200,25,0.35,20,3,7,6
1129,200,25,0.4,20,3,7,6
1130,200,30,0.2,21,2,7,6
1131,200,30,0.25,20,3,7,6
1132,200,30,0.3,21,2,6,7
1133,200,30,0.35,21,2,7,6
1134,200,30,0.4,21,2,6,7
1135,200,35,0.2,19,4,6,7
1136,200,35,0.25,20,3,6,7
1137,200,35,0.3,20,3,7,6
1138,200,35,0.35,20,3,8,5
1139,200,35,0.4,20,3,6,7
1140,200,40,0.2,21,2,4,9
1141,200,40,0.25,19,4,5,8
1142,200,40,0.3,21,2,5,8
1143,200,40,0.35,20,3,5,8
1144,200,40,0.4,20,3,7,6
1145,200,45,0.2,20,3,6,7
1146,200,45,0.25,20,3,8,5
1147,200,45,0.3,21,2,6,7
1148,200,45,0.35,21,2,5,8
1149,200,45,0.4,22,1,6,7
1150,200,50,0.2,19,4,6,7
1151,200,50,0.25,19,4,6,7
1152,200,50,0.3,19,4,6,7
1153,200,50,0.35,20,3,7,6
1154,200,50,0.4,20,3,7,6
1155,200,55,0.2,20,3,6,7
1156,200,55,0.25,21,2,6,7
1157,200,55,0.3,20,3,6,7
1158,200,55,0.35,20,3,5,8
1159,200,55,0.4,20,3,6,7
1160,200,60,0.2,19,4,5,8
1161,200,60,0.25,19,4,6,7
1162,200,60,0.3,20,3,7,6
1163,200,60,0.35,20,3,7,6
1164,200,60,0.4,20,3,6,7
1165,200,65,0.2,20,3,6,7
1166,200,65,0.25,22,1,6,7
1167,200,65,0.3,21,2,4,9
1168,200,65,0.35,20,3,5,8
1169,200,65,0.4,20,3,7,6
1170,200,70,0.2,19,4,7,6
1171,200,70,0.25,20,3,5,8
1172,200,70,0.3,20,3,7,6
1173,200,70,0.35,20,3,6,7
1174,200,70,0.4,20,3,7,6
1175,200,75,0.2,21,2,4,9
1176,200,75,0.25,20,3,6,7
1177,200,75,0.3,20,3,8,5
1178,200,75,0.35,21,2,5,8
1179,200,75,0.4,20,3,9,4
1180,200,80,0.2,20,3,7,6
1181,200,80,0.25,21,2,6,7
1182,200,80,0.3,20,3,6,7
1183,200,80,0.35,20,3,7,6
1184,200,80,0.4,20,3,5,8
1185,200,85,0.2,21,2,7,6
1186,200,85,0.25,19,4,6,7
1187,200,85,0.3,20,3,7,6
1188,200,85,0.35,20,3,4,9
1189,200,85,0.4,20,3,7,6
1190,200,90,0.2,21,2,5,8
1191,200,90,0.25,20,3,5,8
1192,200,90,0.3,20,3,6,7
1193,200,90,0.35,21,2,6,7
1194,200,90,0.4,21,2,3,10
1195,200,95,0.2,21,2,5,8
1196,200,95,0.25,20,3,6,7
1197,200,95,0.3,22,1,7,6
1198,200,95,0.35,19,4,8,5
1199,200,95,0.4,20,3,7,6
1200,210,25,0.2,20,3,5,8
1201,210,25,0.25,21,2,5,8
1202,210,25,0.3,20,3,7,6
1203,210,25,0.35,20,3,6,7
1204,210,25,0.4,19,4,6,7
1205,210,30,0.2,20,3,6,7
1206,210,30,0.25,21,2,4,9
1207,210,30,0.3,20,3,7,6
1208,210,30,0.35,19,4,9,4
1209,210,30,0.4,20,3,5,8
1210,210,35,0.2,20,3,6,7
1211,210,35,0.25,21,2,5,8
1212,210,35,0.3,21,2,5,8
1213,210,35,0.35,19,4,8,5
1214,210,35,0.4,20,3,6,7
1215,210,40,0.2,21,2,7,6
1216,210,40,0.25,20,3,6,7
1217,210,40,0.3,20,3,9,4
1218,210,40,0.35,21,2,6,7
1219,210,40,0.4,20,3,5,8
1220,210,45,0.2,21,2,4,9
1221,210,45,0.25,20,3,6,7
1222,210,45,0.3,21,2,6,7
1223,210,45,0.35,22,1,7,6
1224,210,45,0.4,20,3,7,6
1225,210,50,0.2,20,3,7,6
1226,210,50,0.25,21,2,7,6
1227,210,50,0.3,20,3,6,7
1228,210,50,0.35,20,3,6,7
1229,210,50,0.4,20,3,4,9
1230,210,55,0.2,20,3,8,5
1231,210,55,0.25,20,3,6,7
1232,210,55,0.3,19,4,6,7
1233,210,55,0.35,19,4,7,6
1234,210,55,0.4,20,3,6,7
1235,210,60,0.2,20,3,7,6
1236,210,60,0.25,22,1,6,7
1237,210,60,0.3,20,3,6,7
1238,210,60,0.35,21,2,6,7
1239,210,60,0.4,20,3,7,6
1240,210,65,0.2,21,2,7,6
1241,210,65,0.25,19,4,7,6
1242,210,65,0.3,20,3,5,8
1243,210,65,0.35,20,3,6,7
1244,210,65,0.4,21,2,6,7
1245,210,70,0.2,20,3,6,7
1246,210,70,0.25,21,2,4,9
1247,210,70,0.3,22,1,6,7
1248,210,70,0.35,19,4,5,8
1249,210,70,0.4,20,3,7,6
1250,210,75,0.2,20,3,8,5
1251,210,75,0.25,21,2,7,6
1252,210,75,0.3,20,3,6,7
1253,210,75,0.35,21,2,4,9
1254,210,75,0.4,22,1,6,7
1255,210,80,0.2,20,3,8,5
1256,210,80,0.25,20,3,6,7
1257,210,80,0.3,20,3,7,6
1258,210,80,0.35,19,4,7,6
1259,210,80,0.4,20,3,6,7
1260,210,85,0.2,22,1,6,7
1261,210,85,0.25,20,3,8,5
1262,210,85,0.3,20,3,4,9
1263,210,85,0.35,20,3,7,6
1264,210,85,0.4,20,3,7,6
1265,210,90,0.2,20,3,7,6
1266,210,90,0.25,20,3,6,7
1267,210,90,0.3,21,2,7,6
1268,210,90,0.35,18,5,6,7
1269,210,90,0.4,21,2,4,9
1270,210,95,0.2,20,3,6,7
1271,210,95,0.25,20,3,5,8
1272,210,95,0.3,20,3,7,6
1273,210,95,0.35,20,3,6,7
1274,210,95,0.4,21,2,5,8
1275,220,25,0.2,21,2,7,6
1276,220,25,0.25,20,3,7,6
1277,220,25,0.3,21,2,7,6
1278,220,25,0.35,20,3,6,7
1279,220,25,0.4,19,4,7,6
1280,220,30,0.2,21,2,7,6
1281,220,30,0.25,20,3,9,4
1282,220,30,0.3,20,3,6,7
1283,220,30,0.35,20,3,7,6
1284,220,30,0.4,20,3,7,6
1285,220,35,0.2,19,4,7,6
1286,220,35,0.25,21,2,8,5
1287,220,35,0.3,21,2,7,6
1288,220,35,0.35,20,3,8,5
1289,220,35,0.4,20,3,6,7
1290,220,40,0.2,21,2,5,8
1291,220,40,0.25,21,2,5,8
1292,220,40,0.3,20,3,6,7
1293,220,40,0.35,18,5,7,6
1294,220,40,0.4,19,4,9,4
1295,220,45,0.2,22,1,4,9
1296,220,45,0.25,19,4,7,6
1297,220,45,0.3,20,3,7,6
1298,220,45,0.35,19,4,8,5
1299,220,45,0.4,21,2,6,7
1300,220,50,0.2,20,3,6,7
1301,220,50,0.25,21,2,6,7
1302,220,50,0.3,20,3,8,5
1303,220,50,0.35,20,3,6,7
1304,220,50,0.4,20,3,7,6
1305,220,55,0.2,22,1,5,8
1306,220,55,0.25,20,3,6,7
1307,220,55,0.3,21,2,5,8
1308,220,55,0.35,21,2,6,7
1309,220,55,0.4,20,3,6,7
1310,220,60,0.2,20,3,6,7
1311,220,60,0.25,20,3,6,7
1312,220,60,0.3,21,2,4,9
1313,220,60,0.35,20,3,6,7
1314,220,60,0.4,21,2,6,7
1315,220,65,0.2,21,2,6,7
1316,220,65,0.25,20,3,6,7
1317,220,65,0.3,21,2,6,7
1318,220,65,0.35,21,2,7,6
1319,220,65,0.4,20,3,6,7
1320,220,70,0.2,20,3,7,6
1321,220,70,0.25,20,3,6,7
1322,220,70,0.3,19,4,7,6
1323,220,70,0.35,20,3,6,7
1324,220,70,0.4,20,3,8,5
1325,220,75,0.2,21,2,6,7
1326,220,75,0.25,20,3,6,7
1327,220,75,0.3,22,1,6,7
1328,220,75,0.35,20,3,6,7
1329,220,75,0.4,20,3,8,5
1330,220,80,0.2,21,2,7,6
1331,220,80,0.25,21,2,5,8
1332,220,80,0.3,20,3,6,7
1333,220,80,0.35,21,2,6,7
1334,220,80,0.4,22,1,5,8
1335,220,85,0.2,21,2,3,10
1336,220,85,0.25,19,4,5,8
1337,220,85,0.3,20,3,6,7
1338,220,85,0.35,21,2,6,7
1339,220,85,0.4,20,3,9,4
1340,220,90,0.2,21,2,4,9
1341,220,90,0.25,20,3,7,6
1342,220,90,0.3,21,2,6,7
1343,220,90,0.35,19,4,7,6
1344,220,90,0.4,22,1,6,7
1345,220,95,0.2,21,2,6,7
1346,220,95,0.25,22,1,6,7
1347,220,95,0.3,21,2,6,7
1348,220,95,0.35,21,2,6,7
1349,220,95,0.4,20,3,6,7
1350,230,25,0.2,21,2,6,7
1351,230,25,0.25,19,4,7,6
1352,230,25,0.3,19,4,7,6
1353,230,25,0.35,20,3,7,6
1354,230,25,0.4,20,3,6,7
1355,230,30,0.2,20,3,4,9
1356,230,30,0.25,20,3,6,7
1357,230,30,0.3,20,3,7,6
1358,230,30,0.35,20,3,5,8
1359,230,30,0.4,20,3,7,6
1360,230,35,0.2,21,2,7,6
1361,230,35,0.25,20,3,4,9
1362,230,35,0.3,20,3,6,7
1363,230,35,0.35,19,4,6,7
1364,230,35,0.4,21,2,6,7
1365,230,40,0.2,20,3,6,7
1366,230,40,0.25,20,3,5,8
1367,230,40,0.3,20,3,7,6
1368,230,40,0.35,20,3,7,6
1369,230,40,0.4,19,4,7,6
1370,230,45,0.2,21,2,6,7
1371,230,45,0.25,20,3,7,6
1372,230,45,0.3,20,3,6,7
1373,230,45,0.35,21,2,6,7
1374,230,45,0.4,20,3,6,7
1375,230,50,0.2,20,3,6,7
1376,230,50,0.25,20,3,4,9
1377,230,50,0.3,20,3,8,5
1378,230,50,0.35,20,3,8,5
1379,230,50,0.4,21,2,6,7
1380,230,55,0.2,21,2,6,7
1381,230,55,0.25,20,3,6,7
1382,230,55,0.3,20,3,6,7
1383,230,55,0.35,21,2,6,7
1384,230,55,0.4,20,3,6,7
1385,230,60,0.2,21,2,5,8
1386,230,60,0.25,21,2,4,9
1387,230,60,0.3,22,1,4,9
1388,230,60,0.35,21,2,6,7
1389,230,60,0.4,21,2,6,7
1390,230,65,0.2,20,3,6,7
1391,230,65,0.25,21,2,4,9
1392,230,65,0.3,20,3,6,7
1393,230,65,0.35,21,2,5,8
1394,230,65,0.4,20,3,4,9
1395,230,70,0.2,19,4,6,7
1396,230,70,0.25,22,1,6,7
1397,230,70,0.3,20,3,7,6
1398,230,70,0.35,19,4,9,4
1399,230,70,0.4,20,3,6,7
1400,230,75,0.2,20,3,9,4
1401,230,75,0.25,22,1,6,7
1402,230,75,0.3,21,2,8,5
1403,230,75,0.35,21,2,6,7
1404,230,75,0.4,19,4,7,6
1405,230,80,0.2,21,2,4,9
1406,230,80,0.25,20,3,6,7
1407,230,80,0.3,20,3,5,8
1408,230,80,0.35,21,2,7,6
1409,230,80,0.4,21,2,4,9
1410,230,85,0.2,21,2,6,7
1411,230,85,0.25,21,2,6,7
1412,230,85,0.3,19,4,7,6
1413,230,85,0.35,19,4,9,4
1414,230,85,0.4,19,4,8,5
1415,230,90,0.2,20,3,8,5
1416,230,90,0.25,21,2,6,7
1417,230,90,0.3,20,3,7,6
1418,230,90,0.35,20,3,6,7
1419,230,90,0.4,20,3,6,7
1420,230,95,0.2,20,3,7,6
1421,230,95,0.25,22,1,4,9
1422,230,95,0.3,21,2,7,6
1423,230,95,0.35,20,3,6,7
1424,230,95,0.4,20,3,7,6
1425,240,25,0.2,19,4,7,6
1426,240,25,0.25,20,3,8,5
1427,240,25,0.3,18,5,10,3
1428,240,25,0.35,21,2,6,7
1429,240,25,0.4,20,3,7,6
1430,240,30,0.2,21,2,4,9
1431,240,30,0.25,20,3,4,9
1432,240,30,0.3,21,2,8,5
1433,240,30,0.35,21,2,8,5
1434,240,30,0.4,20,3,4,9
1435,240,35,0.2,21,2,7,6
1436,240,35,0.25,20,3,5,8
1437,240,35,0.3,20,3,6,7
1438,240,35,0.35,21,2,7,6
1439,240,35,0.4,19,4,7,6
1440,240,40,0.2,20,3,8,5
1441,240,40,0.25,20,3,6,7
1442,240,40,0.3,20,3,6,7
1443,240,40,0.35,20,3,7,6
1444,240,40,0.4,20,3,7,6
1445,240,45,0.2,21,2,4,9
1446,240,45,0.25,21,2,5,8
1447,240,45,0.3,20,3,6,7
1448,240,45,0.35,21,2,6,7
1449,240,45,0.4,20,3,5,8
1450,240,50,0.2,20,3,9,4
1451,240,50,0.25,22,1,7,6
1452,240,50,0.3,21,2,6,7
1453,240,50,0.35,21,2,6,7
1454,240,50,0.4,22,1,6,7
1455,240,55,0.2,20,3,7,6
1456,240,55,0.25,20,3,6,7
1457,240,55,0.3,20,3,5,8
1458,240,55,0.35,21,2,7,6
1459,240,55,0.4,20,3,5,8
1460,240,60,0.2,20,3,7,6
1461,240,60,0.25,21,2,6,7
1462,240,60,0.3,21,2,8,5
1463,240,60,0.35,20,3,5,8
1464,240,60,0.4,20,3,7,6
1465,240,65,0.2,20,3,7,6
1466,240,65,0.25,20,3,5,8
1467,240,65,0.3,22,1,8,5
1468,240,65,0.35,21,2,7,6
1469,240,65,0.4,18,5,7,6
1470,240,70,0.2,21,2,6,7
1471,240,70,0.25,21,2,6,7
1472,240,70,0.3,20,3,5,8
1473,240,70,0.35,21,2,8,5
1474,240,70,0.4,22,1,6,7
1475,240,75,0.2,21,2,5,8
1476,240,75,0.25,20,3,5,8
1477,240,75,0.3,20,3,7,6
1478,240,75,0.35,20,3,6,7
1479,240,75,0.4,20,3,7,6
1480,240,80,0.2,20,3,5,8
1481,240,80,0.25,22,1,6,7
1482,240,80,0.3,21,2,6,7
1483,240,80,0.35,21,2,6,7
1484,240,80,0.4,20,3,7,6
1485,240,85,0.2,21,2,7,6
1486,240,85,0.25,20,3,7,6
1487,240,85,0.3,20,3,7,6
1488,240,85,0.35,21,2,5,8
1489,240,85,0.4,20,3,7,6
1490,240,90,0.2,19,4,6,7
1491,240,90,0.25,19,4,6,7
1492,240,90,0.3,19,4,5,8
1493,240,90,0.35,21,2,4,9
1494,240,90,0.4,20,3,8,5
1495,240,95,0.2,20,3,6,7
1496,240,95,0.25,19,4,6,7
1497,240,95,0.3,20,3,6,7
1498,240,95,0.35,22,1,7,6
1499,240,95,0.4,20,3,7,6
1500,250,25,0.2,21,2,6,7
1501,250,25,0.25,19,4,6,7
1502,250,25,0.3,21,2,7,6
1503,250,25,0.35,20,3,5,8
1504,250,25,0.4,19,4,8,5
1505,250,30,0.2,20,3,6,7
1506,250,30,0.25,20,3,6,7
1507,250,30,0.3,20,3,6,7
1508,250,30,0.35,19,4,7,6
1509,250,30,0.4,20,3,7,6
1510,250,35,0.2,20,3,5,8
1511,250,35,0.25,20,3,7,6
1512,250,35,0.3,20,3,6,7
1513,250,35,0.35,21,2,6,7
1514,250,35,0.4,20,3,7,6
1515,250,40,0.2,19,4,6,7
1516,250,40,0.25,19,4,5,8
1517,250,40,0.3,21,2,6,7
1518,250,40,0.35,21,2,4,9
1519,250,40,0.4,20,3,6,7
1520,250,45,0.2,20,3,6,7
1521,250,45,0.25,20,3,6,7
1522,250,45,0.3,22,1,6,7
1523,250,45,0.35,19,4,4,9
1524,250,45,0.4,20,3,7,6
1525,250,50,0.2,20,3,8,5
1526,250,50,0.25,20,3,7,6
1527,250,50,0.3,21,2,7,6
1528,250,50,0.35,21,2,7,6
1529,250,50,0.4,19,4,7,6
1530,250,55,0.2,20,3,8,5
1531,250,55,0.25,20,3,7,6
1532,250,55,0.3,21,2,5,8
1533,250,55,0.35,21,2,5,8
1534,250,55,0.4,21,2,6,7
1535,250,60,0.2,20,3,6,7
1536,250,60,0.25,20,3,6,7
1537,250,60,0.3,20,3,5,8
1538,250,60,0.35,21,2,6,7
1539,250,60,0.4,20,3,8,5
1540,250,65,0.2,22,1,5,8
1541,250,65,0.25,21,2,7,6
1542,250,65,0.3,21,2,6,7
1543,250,65,0.35,20,3,6,7
1544,250,65,0.4,20,3,5,8
1545,250,70,0.2,21,2,6,7
1546,250,70,0.25,20,3,7,6
1547,250,70,0.3,20,3,7,6
1548,250,70,0.35,19,4,6,7
1549,250,70,0.4,19,4,7,6
1550,250,75,0.2,20,3,5,8
1551,250,75,0.25,21,2,6,7
1552,250,75,0.3,20,3,7,6
1553,250,75,0.35,19,4,6,7
1554,250,75,0.4,20,3,6,7
1555,250,80,0.2,20,3,6,7
1556,250,80,0.25,20,3,6,7
1557,250,80,0.3,21,2,5,8
1558,250,80,0.35,20,3,6,7
1559,250,80,0.4,20,3,6,7
1560,250,85,0.2,20,3,6,7
1561,250,85,0.25,20,3,7,6
1562,250,85,0.3,21,2,6,7
1563,250,85,0.35,20,3,6,7
1564,250,85,0.4,20,3,7,6
1565,250,90,0.2,20,3,6,7
1566,250,90,0.25,19,4,4,9
1567,250,90,0.3,21,2,4,9
1568,250,90,0.35,20,3,6,7
1569,250,90,0.4,20,3,6,7
1570,250,95,0.2,21,2,7,6
1571,250,95,0.25,20,3,6,7
1572,250,95,0.3,21,2,6,7
1573,250,95,0.35,20,3,7,6
1574,250,95,0.4,20,3,7,6
1575,260,25,0.2,21,2,4,9
1576,260,25,0.25,20,3,7,6
1577,260,25,0.3,22,1,6,7
1578,260,25,0.35,20,3,6,7
1579,260,25,0.4,20,3,6,7
1580,260,30,0.2,19,4,6,7
1581,260,30,0.25,21,2,7,6
1582,260,30,0.3,21,2,5,8
1583,260,30,0.35,21,2,8,5
1584,260,30,0.4,20,3,7,6
1585,260,35,0.2,20,3,6,7
1586,260,35,0.25,21,2,6,7
1587,260,35,0.3,20,3,7,6
1588,260,35,0.35,21,2,7,6
1589,260,35,0.4,21,2,4,9
1590,260,40,0.2,21,2,4,9
1591,260,40,0.25,20,3,6,7
1592,260,40,0.3,20,3,4,9
1593,260,40,0.35,19,4,7,6
1594,260,40,0.4,21,2,6,7
1595,260,45,0.2,19,4,5,8
1596,260,45,0.25,22,1,4,9
1597,260,45,0.3,20,3,8,5
1598,260,45,0.35,21,2,6,7
1599,260,45,0.4,20,3,8,5
1600,260,50,0.2,20,3,6,7
1601,260,50,0.25,22,1,6,7
1602,260,50,0.3,20,3,6,7
1603,260,50,0.35,20,3,7,6
1604,260,50,0.4,20,3,6,7
1605,260,55,0.2,21,2,4,9
1606,260,55,0.25,19,4,7,6
1607,260,55,0.3,19,4,7,6
1608,260,55,0.35,20,3,6,7
1609,260,55,0.4,20,3,5,8
1610,260,60,0.2,22,1,6,7
1611,260,60,0.25,21,2,6,7
1612,260,60,0.3,21,2,6,7
1613,260,60,0.35,21,2,7,6
1614,260,60,0.4,20,3,7,6
1615,260,65,0.2,20,3,5,8
1616,260,65,0.25,20,3,8,5
1617,260,65,0.3,20,3,6,7
1618,260,65,0.35,20,3,6,7
1619,260,65,0.4,20,3,7,6
1620,260,70,0.2,22,1,5,8
1621,260,70,0.25,19,4,4,9
1622,260,70,0.3,21,2,5,8
1623,260,70,0.35,20,3,5,8
1624,260,70,0.4,22,1,6,7
1625,260,75,0.2,21,2,4,9
1626,260,75,0.25,20,3,5,8
1627,260,75,0.3,20,3,7,6
1628,260,75,0.35,21,2,6,7
1629,260,75,0.4,20,3,6,7
1630,260,80,0.2,20,3,6,7
1631,260,80,0.25,20,3,6,7
1632,260,80,0.3,20,3,5,8
1633,260,80,0.35,20,3,5,8
1634,260,80,0.4,20,3,9,4
1635,260,85,0.2,20,3,7,6
1636,260,85,0.25,21,2,6,7
1637,260,85,0.3,20,3,5,8
1638,260,85,0.35,19,4,7,6
1639,260,85,0.4,21,2,6,7
1640,260,90,0.2,22,1,6,7
1641,260,90,0.25,20,3,4,9
1642,260,90,0.3,20,3,7,6
1643,260,90,0.35,21,2,6,7
1644,260,90,0.4,20,3,6,7
1645,260,95,0.2,20,3,8,5
1646,260,95,0.25,21,2,6,7
1647,260,95,0.3,20,3,7,6
1648,260,95,0.35,21,2,5,8
1649,260,95,0.4,21,2,6,7
1650,270,25,0.2,20,3,7,6
1651,270,25,0.25,20,3,7,6
1652,270,25,0.3,20,3,4,9
1653,270,25,0.35,20,3,7,6
1654,270,25,0.4,20,3,6,7
1655,270,30,0.2,20,3,7,6
1656,270,30,0.25,22,1,7,6
1657,270,30,0.3,19,4,7,6
1658,270,30,0.35,19,4,6,7
1659,270,30,0.4,19,4,8,5
1660,270,35,0.2,19,4,6,7
1661,270,35,0.25,21,2,6,7
1662,270,35,0.3,20,3,7,6
1663,270,35,0.35,20,3,3,10
1664,270,35,0.4,20,3,7,6
1665,270,40,0.2,20,3,7,6
1666,270,40,0.25,21,2,4,9
1667,270,40,0.3,21,2,6,7
1668,270,40,0.35,20,3,6,7
1669,270,40,0.4,21,2,7,6
1670,270,45,0.2,21,2,6,7
1671,270,45,0.25,21,2,6,7
1672,270,45,0.3,21,2,5,8
1673,270,45,0.35,21,2,7,6
1674,270,45,0.4,18,5,5,8
1675,270,50,0.2,22,1,7,6
1676,270,50,0.25,21,2,5,8
1677,270,50,0.3,20,3,6,7
1678,270,50,0.35,20,3,8,5
1679,270,50,0.4,21,2,6,7
1680,270,55,0.2,20,3,5,8
1681,270,55,0.25,21,2,7,6
1682,270,55,0.3,20,3,6,7
1683,270,55,0.35,20,3,6,7
1684,270,55,0.4,21,2,6,7
1685,270,60,0.2,19,4,7,6
1686,270,60,0.25,20,3,6,7
1687,270,60,0.3,20,3,7,6
1688,270,60,0.35,20,3,6,7
1689,270,60,0.4,20,3,6,7
1690,270,65,0.2,20,3,6,7
1691,270,65,0.25,20,3,6,7
1692,270,65,0.3,19,4,7,6
1693,270,65,0.35,20,3,7,6
1694,270,65,0.4,20,3,5,8
1695,270,70,0.2,21,2,7,6
1696,270,70,0.25,19,4,6,7
1697,270,70,0.3,21,2,6,7
1698,270,70,0.35,21,2,4,9
1699,270,70,0.4,21,2,4,9
1700,270,75,0.2,21,2,6,7
1701,270,75,0.25,21,2,4,9
1702,270,75,0.3,21,2,7,6
1703,270,75,0.35,20,3,7,6
1704,270,75,0.4,19,4,6,7
1705,270,80,0.2,22,1,7,6
1706,270,80,0.25,20,3,4,9
1707,270,80,0.3,20,3,6,7
1708,270,80,0.35,21,2,7,6
1709,270,80,0.4,20,3,4,9
1710,270,85,0.2,19,4,6,7
1711,270,85,0.25,21,2,5,8
1712,270,85,0.3,21,2,8,5
1713,270,85,0.35,20,3,5,8
1714,270,85,0.4,21,2,6,7
1715,270,90,0.2,20,3,7,6
1716,270,90,0.25,21,2,4,9
1717,270,90,0.3,21,2,7,6
1718,270,90,0.35,20,3,3,10
1719,270,90,0.4,21,2,6,7
1720,270,95,0.2,21,2,7,6
1721,270,95,0.25,21,2,8,5
1722,270,95,0.3,21,2,5,8
1723,270,95,0.35,22,1,6,7
1724,270,95,0.4,22,1,7,6
1725,280,25,0.2,20,3,5,8
1726,280,25,0.25,20,3,6,7
1727,280,25,0.3,21,2,6,7
1728,280,25,0.35,19,4,8,5
1729,280,25,0.4,21,2,6,7
1730,280,30,0.2,21,2,6,7
1731,280,30,0.25,19,4,7,6
1732,280,30,0.3,21,2,5,8
1733,280,30,0.35,21,2,6,7
1734,280,30,0.4,20,3,6,7
1735,280,35,0.2,18,5,8,5
1736,280,35,0.25,21,2,6,7
1737,280,35,0.3,20,3,6,7
1738,280,35,0.35,21,2,7,6
1739,280,35,0.4,20,3,7,6
1740,280,40,0.2,21,2,6,7
1741,280,40,0.25,21,2,6,7
1742,280,40,0.3,20,3,5,8
1743,280,40,0.35,20,3,6,7
1744,280,40,0.4,21,2,5,8
1745,280,45,0.2,21,2,4,9
1746,280,45,0.25,20,3,7,6
1747,280,45,0.3,20,3,5,8
1748,280,45,0.35,20,3,6,7
1749,280,45,0.4,20,3,7,6
1750,280,50,0.2,21,2,6,7
1751,280,50,0.25,21,2,6,7
1752,280,50,0.3,21,2,6,7
1753,280,50,0.35,20,3,7,6
1754,280,50,0.4,21,2,7,6
1755,280,55,0.2,20,3,4,9
1756,280,55,0.25,20,3,7,6
1757,280,55,0.3,20,3,8,5
1758,280,55,0.35,20,3,8,5
1759,280,55,0.4,20,3,7,6
1760,280,60,0.2,20,3,8,5
1761,280,60,0.25,19,4,7,6
1762,280,60,0.3,21,2,7,6
1763,280,60,0.35,20,3,5,8
1764,280,60,0.4,20,3,7,6
1765,280,65,0.2,20,3,6,7
1766,280,65,0.25,20,3,7,6
1767,280,65,0.3,20,3,6,7
1768,280,65,0.35,20,3,6,7
1769,280,65,0.4,20,3,6,7
1770,280,70,0.2,21,2,6,7
1771,280,70,0.25,20,3,6,7
1772,280,70,0.3,20,3,6,7
1773,280,70,0.35,19,4,5,8
1774,280,70,0.4,20,3,4,9
1775,280,75,0.2,20,3,7,6
1776,280,75,0.25,20,3,6,7
1777,280,75,0.3,20,3,7,6
1778,280,75,0.35,20,3,6,7
1779,280,75,0.4,21,2,6,7
1780,280,80,0.2,20,3,6,7
1781,280,80,0.25,20,3,7,6
1782,280,80,0.3,19,4,7,6
1783,280,80,0.35,19,4,8,5
1784,280,80,0.4,20,3,5,8
1785,280,85,0.2,20,3,5,8
1786,280,85,0.25,20,3,7,6
1787,280,85,0.3,20,3,6,7
1788,280,85,0.35,21,2,6,7
1789,280,85,0.4,21,2,6,7
1790,280,90,0.2,21,2,6,7
1791,280,90,0.25,20,3,6,7
1792,280,90,0.3,20,3,6,7
1793,280,90,0.35,20,3,5,8
1794,280,90,0.4,19,4,7,6
1795,280,95,0.2,20,3,7,6
1796,280,95,0.25,21,2,6,7
1797,280,95,0.3,20,3,5,8
1798,280,95,0.35,19,4,7,6
1799,280,95,0.4,20,3,4,9
1800,290,25,0.2,20,3,7,6
1801,290,25,0.25,20,3,6,7
1802,290,25,0.3,20,3,6,7
1803,290,25,0.35,21,2,6,7
1804,290,25,0.4,21,2,6,7
1805,290,30,0.2,20,3,7,6
1806,290,30,0.25,20,3,8,5
1807,290,30,0.3,20,3,7,6
1808,290,30,0.35,20,3,6,7
1809,290,30,0.4,20,3,7,6
1810,290,35,0.2,20,3,7,6
1811,290,35,0.25,21,2,5,8
1812,290,35,0.3,20,3,8,5
1813,290,35,0.35,19,4,7,6
1814,290,35,0.4,21,2,5,8
1815,290,40,0.2,21,2,6,7
1816,290,40,0.25,20,3,6,7
1817,290,40,0.3,21,2,6,7
1818,290,40,0.35,21,2,4,9
1819,290,40,0.4,20,3,7,6
1820,290,45,0.2,20,3,7,6
1821,290,45,0.25,20,3,7,6
1822,290,45,0.3,20,3,6,7
1823,290,45,0.35,21,2,6,7
1824,290,45,0.4,18,5,6,7
1825,290,50,0.2,21,2,6,7
1826,290,50,0.25,20,3,8,5
1827,290,50,0.3,20,3,5,8
1828,290,50,0.35,20,3,7,6
1829,290,50,0.4,20,3,5,8
1830,290,55,0.2,21,2,4,9
1831,290,55,0.25,21,2,6,7
1832,290,55,0.3,20,3,7,6
1833,290,55,0.35,20,3,5,8
1834,290,55,0.4,21,2,7,6
1835,290,60,0.2,22,1,5,8
1836,290,60,0.25,20,3,5,8
1837,290,60,0.3,20,3,6,7
1838,290,60,0.35,21,2,6,7
1839,290,60,0.4,21,2,6,7
1840,290,65,0.2,19,4,6,7
1841,290,65,0.25,21,2,7,6
1842,290,65,0.3,20,3,6,7
1843,290,65,0.35,20,3,4,9
1844,290,65,0.4,20,3,7,6
1845,290,70,0.2,20,3,7,6
1846,290,70,0.25,20,3,7,6
1847,290,70,0.3,20,3,6,7
1848,290,70,0.35,21,2,5,8
1849,290,70,0.4,20,3,6,7
1850,290,75,0.2,21,2,7,6
1851,290,75,0.25,21,2,4,9
1852,290,75,0.3,20,3,8,5
1853,290,75,0.35,22,1,7,6
1854,290,75,0.4,20,3,7,6
1855,290,80,0.2,22,1,6,7
1856,290,80,0.25,20,3,4,9
1857,290,80,0.3,20,3,6,7
1858,290,80,0.35,20,3,5,8
1859,290,80,0.4,21,2,6,7
1860,290,85,0.2,20,3,6,7
1861,290,85,0.25,21,2,6,7
1862,290,85,0.3,21,2,5,8
1863,290,85,0.35,22,1,7,6
1864,290,85,0.4,22,1,5,8
1865,290,90,0.2,21,2,5,8
1866,290,90,0.25,20,3,5,8
1867,290,90,0.3,20,3,4,9
1868,290,90,0.35,21,2,5,8
1869,290,90,0.4,20,3,4,9
1870,290,95,0.2,20,3,7,6
1871,290,95,0.25,21,2,5,8
1872,290,95,0.3,21,2,7,6
1873,290,95,0.35,20,3,5,8
1874,290,95,0.4,21,2,6,7
1875,300,25,0.2,18,5,5,8
1876,300,25,0.25,20,3,7,6
1877,300,25,0.3,21,2,6,7
1878,300,25,0.35,22,1,5,8
1879,300,25,0.4,19,4,5,8
1880,300,30,0.2,21,2,7,6
1881,300,30,0.25,21,2,6,7
1882,300,30,0.3,21,2,7,6
1883,300,30,0.35,21,2,6,7
1884,300,30,0.4,20,3,7,6
1885,300,35,0.2,21,2,6,7
1886,300,35,0.25,22,1,6,7
1887,300,35,0.3,20,3,7,6
1888,300,35,0.35,20,3,7,6
1889,300,35,0.4,22,1,6,7
1890,300,40,0.2,20,3,6,7
1891,300,40,0.25,21,2,5,8
1892,300,40,0.3,20,3,7,6
1893,300,40,0.35,20,3,8,5
1894,300,40,0.4,21,2,7,6
1895,300,45,0.2,20,3,8,5
1896,300,45,0.25,20,3,6,7
1897,300,45,0.3,21,2,5,8
1898,300,45,0.35,20,3,7,6
1899,300,45,0.4,21,2,5,8
1900,300,50,0.2,20,3,4,9
1901,300,50,0.25,21,2,7,6
1902,300,50,0.3,19,4,7,6
1903,300,50,0.35,20,3,6,7
1904,300,50,0.4,20,3,6,7
1905,300,55,0.2,20,3,6,7
1906,300,55,0.25,22,1,6,7
1907,300,55,0.3,21,2,5,8
1908,300,55,0.35,20,3,6,7
1909,300,55,0.4,20,3,6,7
1910,300,60,0.2,22,1,6,7
1911,300,60,0.25,20,3,5,8
1912,300,60,0.3,20,3,7,6
1913,300,60,0.35,19,4,5,8
1914,300,60,0.4,20,3,4,9
1915,300,65,0.2,21,2,5,8
1916,300,65,0.25,20,3,5,8
1917,300,65,0.3,19,4,8,5
1918,300,65,0.35,19,4,8,5
1919,300,65,0.4,19,4,4,9
1920,300,70,0.2,21,2,5,8
1921,300,70,0.25,21,2,6,7
1922,300,70,0.3,20,3,4,9
1923,300,70,0.35,20,3,8,5
1924,300,70,0.4,21,2,6,7
1925,300,75,0.2,20,3,7,6
1926,300,75,0.25,21,2,5,8
1927,300,75,0.3,21,2,6,7
1928,300,75,0.35,21,2,5,8
1929,300,75,0.4,20,3,6,7
1930,300,80,0.2,20,3,6,7
1931,300,80,0.25,20,3,3,10
1932,300,80,0.3,20,3,6,7
1933,300,80,0.35,20,3,7,6
1934,300,80,0.4,20,3,7,6
1935,300,85,0.2,20,3,7,6
1936,300,85,0.25,21,2,7,6
1937,300,85,0.3,20,3,7,6
1938,300,85,0.35,21,2,6,7
1939,300,85,0.4,21,2,7,6
1940,300,90,0.2,20,3,7,6
1941,300,90,0.25,20,3,5,8
1942,300,90,0.3,22,1,6,7
1943,300,90,0.35,20,3,6,7
1944,300,90,0.4,20,3,7,6
1945,300,95,0.2,20,3,6,7
1946,300,95,0.25,21,2,4,9
1947,300,95,0.3,20,3,6,7
1948,300,95,0.35,20,3,7,6
1949,300,95,0.4,21,2,5,8
1950,310,25,0.2,21,2,6,7
1951,310,25,0.25,19,4,6,7
1952,310,25,0.3,19,4,7,6
1953,310,25,0.35,20,3,5,8
1954,310,25,0.4,20,3,8,5
1955,310,30,0.2,21,2,7,6
1956,310,30,0.25,20,3,6,7
1957,310,30,0.3,19,4,8,5
1958,310,30,0.35,21,2,6,7
1959,310,30,0.4,20,3,7,6
1960,310,35,0.2,21,2,6,7
1961,310,35,0.25,21,2,7,6
1962,310,35,0.3,20,3,5,8
1963,310,35,0.35,21,2,6,7
1964,310,35,0.4,20,3,6,7
1965,310,40,0.2,21,2,6,7
1966,310,40,0.25,20,3,5,8
1967,310,40,0.3,22,1,5,8
1968,310,40,0.35,21,2,6,7
1969,310,40,0.4,21,2,6,7
1970,310,45,0.2,20,3,6,7
1971,310,45,0.25,20,3,7,6
1972,310,45,0.3,20,3,6,7
1973,310,45,0.35,20,3,6,7
1974,310,45,0.4,21,2,7,6
1975,310,50,0.2,20,3,7,6
1976,310,50,0.25,20,3,7,6
1977,310,50,0.3,20,3,7,6
1978,310,50,0.35,20,3,6,7
1979,310,50,0.4,20,3,6,7
1980,310,55,0.2,21,2,4,9
1981,310,55,0.25,19,4,7,6
1982,310,55,0.3,21,2,6,7
1983,310,55,0.35,20,3,6,7
1984,310,55,0.4,20,3,5,8
1985,310,60,0.2,20,3,7,6
1986,310,60,0.25,21,2,6,7
1987,310,60,0.3,20,3,6,7
1988,310,60,0.35,21,2,7,6
1989,310,60,0.4,20,3,5,8
1990,310,65,0.2,21,2,7,6
1991,310,65,0.25,21,2,6,7
1992,310,65,0.3,20,3,6,7
1993,310,65,0.35,19,4,8,5
1994,310,65,0.4,21,2,5,8
1995,310,70,0.2,20,3,6,7
1996,310,70,0.25,21,2,7,6
1997,310,70,0.3,20,3,4,9
1998,310,70,0.35,20,3,7,6
1999,310,70,0.4,20,3,6,7
2000,310,75,0.2,20,3,7,6
2001,310,75,0.25,20,3,4,9
2002,310,75,0.3,20,3,5,8
2003,310,75,0.35,19,4,8,5
2004,310,75,0.4,20,3,5,8
2005,310,80,0.2,21,2,5,8
2006,310,80,0.25,20,3,7,6
2007,310,80,0.3,20,3,4,9
2008,310,80,0.35,20,3,8,5
2009,310,80,0.4,20,3,7,6
2010,310,85,0.2,20,3,7,6
2011,310,85,0.25,21,2,6,7
2012,310,85,0.3,20,3,6,7
2013,310,85,0.35,21,2,6,7
2014,310,85,0.4,20,3,6,7
2015,310,90,0.2,20,3,4,9
2016,310,90,0.25,22,1,6,7
2017,310,90,0.3,20,3,6,7
2018,310,90,0.35,20,3,6,7
2019,310,90,0.4,19,4,7,6
2020,310,95,0.2,22,1,3,10
2021,310,95,0.25,20,3,6,7
2022,310,95,0.3,22,1,5,8
2023,310,95,0.35,21,2,6,7
2024,310,95,0.4,20,3,6,7
2025,320,25,0.2,19,4,8,5
2026,320,25,0.25,20,3,4,9
2027,320,25,0.3,21,2,7,6
2028,320,25,0.35,20,3,4,9
2029,320,25,0.4,20,3,7,6
2030,320,30,0.2,19,4,6,7
2031,320,30,0.25,21,2,6,7
2032,320,30,0.3,20,3,6,7
2033,320,30,0.35,20,3,7,6
2034,320,30,0.4,20,3,8,5
2035,320,35,0.2,20,3,5,8
2036,320,35,0.25,20,3,6,7
2037,320,35,0.3,20,3,5,8
2038,320,35,0.35,20,3,8,5
2039,320,35,0.4,20,3,5,8
2040,320,40,0.2,21,2,6,7
2041,320,40,0.25,21,2,6,7
2042,320,40,0.3,21,2,8,5
2043,320,40,0.35,20,3,8,5
2044,320,40,0.4,21,2,6,7
2045,320,45,0.2,22,1,7,6
2046,320,45,0.25,22,1,7,6
2047,320,45,0.3,21,2,6,7
2048,320,45,0.35,20,3,5,8
2049,320,45,0.4,21,2,6,7
2050,320,50,0.2,20,3,7,6
2051,320,50,0.25,22,1,4,9
2052,320,50,0.3,20,3,5,8
2053,320,50,0.35,20,3,7,6
2054,320,50,0.4,21,2,5,8
2055,320,55,0.2,19,4,4,9
2056,320,55,0.25,21,2,5,8
2057,320,55,0.3,19,4,6,7
2058,320,55,0.35,21,2,6,7
2059,320,55,0.4,21,2,6,7
2060,320,60,0.2,21,2,5,8
2061,320,60,0.25,20,3,5,8
2062,320,60,0.3,20,3,7,6
2063,320,60,0.35,20,3,7,6
2064,320,60,0.4,21,2,7,6
2065,320,65,0.2,21,2,6,7
2066,320,65,0.25,20,3,4,9
2067,320,65,0.3,20,3,6,7
2068,320,65,0.35,20,3,5,8
2069,320,65,0.4,21,2,6,7
2070,320,70,0.2,21,2,6,7
2071,320,70,0.25,19,4,5,8
2072,320,70,0.3,20,3,6,7
2073,320,70,0.35,20,3,4,9
2074,320,70,0.4,19,4,5,8
2075,320,75,0.2,20,3,5,8
2076,320,75,0.25,21,2,6,7
2077,320,75,0.3,21,2,4,9
2078,320,75,0.35,20,3,6,7
2079,320,75,0.4,20,3,6,7
2080,320,80,0.2,21,2,5,8
2081,320,80,0.25,20,3,6,7
2082,320,80,0.3,21,2,6,7
2083,320,80,0.35,20,3,6,7
2084,320,80,0.4,20,3,8,5
2085,320,85,0.2,20,3,5,8
2086,320,85,0.25,20,3,6,7
2087,320,85,0.3,20,3,6,7
2088,320,85,0.35,20,3,8,5
2089,320,85,0.4,20,3,6,7
2090,320,90,0.2,19,4,6,7
2091,320,90,0.25,20,3,5,8
2092,320,90,0.3,19,4,8,5
2093,320,90,0.35,19,4,8,5
2094,320,90,0.4,20,3,7,6
2095,320,95,0.2,20,3,8,5
2096,320,95,0.25,20,3,6,7
2097,320,95,0.3,20,3,5,8
2098,320,95,0.35,20,3,5,8
2099,320,95,0.4,20,3,6,7
2100,330,25,0.2,19,4,7,6
2101,330,25,0.25,22,1,6,7
2102,330,25,0.3,21,2,6,7
2103,330,25,0.35,20,3,7,6
2104,330,25,0.4,20,3,7,6
2105,330,30,0.2,21,2,6,7
2106,330,30,0.25,20,3,6,7
2107,330,30,0.3,20,3,8,5
2108,330,30,0.35,21,2,6,7
2109,330,30,0.4,19,4,6,7
2110,330,35,0.2,21,2,6,7
2111,330,35,0.25,20,3,6,7
2112,330,35,0.3,20,3,6,7
2113,330,35,0.35,19,4,7,6
2114,330,35,0.4,21,2,6,7
2115,330,40,0.2,20,3,5,8
2116,330,40,0.25,20,3,8,5
2117,330,40,0.3,20,3,6,7
2118,330,40,0.35,21,2,5,8
2119,330,40,0.4,21,2,6,7
2120,330,45,0.2,22,1,4,9
2121,330,45,0.25,21,2,6,7
2122,330,45,0.3,21,2,7,6
2123,330,45,0.35,19,4,7,6
2124,330,45,0.4,20,3,6,7
2125,330,50,0.2,21,2,5,8
2126,330,50,0.25,19,4,7,6
2127,330,50,0.3,21,2,6,7
2128,330,50,0.35,21,2,4,9
2129,330,50,0.4,20,3,6,7
2130,330,55,0.2,20,3,4,9
2131,330,55,0.25,20,3,7,6
2132,330,55,0.3,20,3,5,8
2133,330,55,0.35,20,3,8,5
2134,330,55,0.4,20,3,7,6
2135,330,60,0.2,20,3,6,7
2136,330,60,0.25,20,3,4,9
2137,330,60,0.3,19,4,6,7
2138,330,60,0.35,20,3,5,8
2139,330,60,0.4,21,2,6,7
2140,330,65,0.2,21,2,6,7
2141,330,65,0.25,19,4,6,7
2142,330,65,0.3,21,2,6,7
2143,330,65,0.35,21,2,6,7
2144,330,65,0.4,21,2,7,6
2145,330,70,0.2,20,3,5,8
2146,330,70,0.25,20,3,3,10
2147,330,70,0.3,21,2,6,7
2148,330,70,0.35,21,2,7,6
2149,330,70,0.4,20,3,6,7
2150,330,75,0.2,21,2,6,7
2151,330,75,0.25,20,3,5,8
2152,330,75,0.3,20,3,7,6
2153,330,75,0.35,21,2,7,6
2154,330,75,0.4,20,3,7,6
2155,330,80,0.2,20,3,8,5
2156,330,80,0.25,21,2,7,6
2157,330,80,0.3,20,3,3,10
2158,330,80,0.35,21,2,6,7
2159,330,80,0.4,21,2,3,10
2160,330,85,0.2,20,3,7,6
2161,330,85,0.25,21,2,7,6
2162,330,85,0.3,22,1,6,7
2163,330,85,0.35,19,4,7,6
2164,330,85,0.4,21,2,6,7
2165,330,90,0.2,19,4,8,5
2166,330,90,0.25,20,3,6,7
2167,330,90,0.3,20,3,5,8
2168,330,90,0.35,19,4,5,8
2169,330,90,0.4,21,2,6,7
2170,330,95,0.2,20,3,4,9
2171,330,95,0.25,20,3,6,7
2172,330,95,0.3,20,3,6,7
2173,330,95,0.35,21,2,6,7
2174,330,95,0.4,20,3,7,6
2175,340,25,0.2,19,4,8,5
2176,340,25,0.25,20,3,6,7
2177,340,25,0.3,21,2,6,7
2178,340,25,0.35,20,3,8,5
2179,340,25,0.4,20,3,9,4
2180,340,30,0.2,20,3,6,7
2181,340,30,0.25,20,3,6,7
2182,340,30,0.3,20,3,7,6
2183,340,30,0.35,22,1,6,7
2184,340,30,0.4,20,3,6,7
2185,340,35,0.2,19,4,8,5
2186,340,35,0.25,20,3,7,6
2187,340,35,0.3,20,3,8,5
2188,340,35,0.35,20,3,7,6
2189,340,35,0.4,19,4,5,8
2190,340,40,0.2,20,3,7,6
2191,340,40,0.25,22,1,6,7
2192,340,40,0.3,20,3,6,7
2193,340,40,0.35,21,2,5,8
2194,340,40,0.4,19,4,6,7
2195,340,45,0.2,21,2,5,8
2196,340,45,0.25,20,3,6,7
2197,340,45,0.3,22,1,6,7
2198,340,45,0.35,20,3,6,7
2199,340,45,0.4,19,4,8,5
2200,340,50,0.2,20,3,8,5
2201,340,50,0.25,21,2,6,7
2202,340,50,0.3,20,3,8,5
2203,340,50,0.35,20,3,7,6
2204,340,50,0.4,20,3,7,6
2205,340,55,0.2,20,3,6,7
2206,340,55,0.25,21,2,5,8
2207,340,55,0.3,21,2,4,9
2208,340,55,0.35,19,4,7,6
2209,340,55,0.4,21,2,6,7
2210,340,60,0.2,21,2,6,7
2211,340,60,0.25,20,3,7,6
2212,340,60,0.3,20,3,6,7
2213,340,60,0.35,22,1,3,10
2214,340,60,0.4,21,2,7,6
2215,340,65,0.2,20,3,7,6
2216,340,65,0.25,20,3,5,8
2217,340,65,0.3,21,2,6,7
2218,340,65,0.35,20,3,6,7
2219,340,65,0.4,20,3,6,7
2220,340,70,0.2,20,3,7,6
2221,340,70,0.25,20,3,6,7
2222,340,70,0.3,21,2,6,7
2223,340,70,0.35,20,3,6,7
2224,340,70,0.4,20,3,5,8
2225,340,75,0.2,21,2,6,7
2226,340,75,0.25,20,3,6,7
2227,340,75,0.3,20,3,6,7
2228,340,75,0.35,20,3,7,6
2229,340,75,0.4,21,2,6,7
2230,340,80,0.2,20,3,7,6
2231,340,80,0.25,20,3,5,8
2232,340,80,0.3,21,2,7,6
2233,340,80,0.35,20,3,6,7
2234,340,80,0.4,20,3,7,6
2235,340,85,0.2,20,3,7,6
2236,340,85,0.25,20,3,7,6
2237,340,85,0.3,21,2,6,7
2238,340,85,0.35,20,3,5,8
2239,340,85,0.4,20,3,7,6
2240,340,90,0.2,20,3,7,6
2241,340,90,0.25,20,3,3,10
2242,340,90,0.3,21,2,4,9
2243,340,90,0.35,21,2,5,8
2244,340,90,0.4,19,4,7,6
2245,340,95,0.2,20,3,8,5
2246,340,95,0.25,21,2,6,7
2247,340,95,0.3,20,3,7,6
2248,340,95,0.35,22,1,5,8
2249,340,95,0.4,22,1,5,8
2250,350,25,0.2,21,2,7,6
2251,350,25,0.25,20,3,6,7
2252,350,25,0.3,21,2,7,6
2253,350,25,0.35,19,4,8,5
2254,350,25,0.4,20,3,6,7
2255,350,30,0.2,20,3,4,9
2256,350,30,0.25,21,2,4,9
2257,350,30,0.3,19,4,6,7
2258,350,30,0.35,21,2,6,7
2259,350,30,0.4,19,4,7,6
2260,350,35,0.2,20,3,7,6
2261,350,35,0.25,21,2,4,9
2262,350,35,0.3,20,3,6,7
2263,350,35,0.35,19,4,8,5
2264,350,35,0.4,20,3,7,6
2265,350,40,0.2,21,2,6,7
2266,350,40,0.25,21,2,6,7
2267,350,40,0.3,20,3,7,6
2268,350,40,0.35,20,3,7,6
2269,350,40,0.4,19,4,6,7
2270,350,45,0.2,19,4,3,10
2271,350,45,0.25,21,2,4,9
2272,350,45,0.3,20,3,8,5
2273,350,45,0.35,20,3,5,8
2274,350,45,0.4,20,3,5,8
2275,350,50,0.2,20,3,7,6
2276,350,50,0.25,22,1,6,7
2277,350,50,0.3,20,3,6,7
2278,350,50,0.35,20,3,4,9
2279,350,50,0.4,20,3,7,6
2280,350,55,0.2,21,2,4,9
2281,350,55,0.25,20,3,6,7
2282,350,55,0.3,20,3,6,7
2283,350,55,0.35,21,2,6,7
2284,350,55,0.4,20,3,6,7
2285,350,60,0.2,20,3,4,9
2286,350,60,0.25,19,4,6,7
2287,350,60,0.3,21,2,6,7
2288,350,60,0.35,20,3,6,7
2289,350,60,0.4,20,3,7,6
2290,350,65,0.2,20,3,8,5
2291,350,65,0.25,20,3,5,8
2292,350,65,0.3,20,3,7,6
2293,350,65,0.35,20,3,7,6
2294,350,65,0.4,20,3,5,8
2295,350,70,0.2,20,3,6,7
2296,350,70,0.25,21,2,8,5
2297,350,70,0.3,20,3,7,6
2298,350,70,0.35,20,3,10,3
2299,350,70,0.4,21,2,6,7
2300,350,75,0.2,19,4,6,7
2301,350,75,0.25,20,3,6,7
2302,350,75,0.3,21,2,8,5
2303,350,75,0.35,20,3,5,8
2304,350,75,0.4,21,2,6,7
2305,350,80,0.2,20,3,6,7
2306,350,80,0.25,21,2,4,9
2307,350,80,0.3,21,2,6,7
2308,350,80,0.35,20,3,7,6
2309,350,80,0.4,20,3,4,9
2310,350,85,0.2,21,2,7,6
2311,350,85,0.25,20,3,6,7
2312,350,85,0.3,20,3,9,4
2313,350,85,0.35,21,2,5,8
2314,350,85,0.4,20,3,7,6
2315,350,90,0.2,20,3,5,8
2316,350,90,0.25,19,4,8,5
2317,350,90,0.3,19,4,6,7
2318,350,90,0.35,19,4,6,7
2319,350,90,0.4,20,3,5,8
2320,350,95,0.2,20,3,7,6
2321,350,95,0.25,20,3,6,7
2322,350,95,0.3,21,2,7,6
2323,350,95,0.35,21,2,7,6
2324,350,95,0.4,21,2,5,8
2325,360,25,0.2,19,4,6,7
2326,360,25,0.25,21,2,6,7
2327,360,25,0.3,21,2,6,7
2328,360,25,0.35,21,2,8,5
2329,360,25,0.4,22,1,7,6
2330,360,30,0.2,19,4,6,7
2331,360,30,0.25,21,2,5,8
2332,360,30,0.3,21,2,7,6
2333,360,30,0.35,21,2,6,7
2334,360,30,0.4,20,3,7,6
2335,360,35,0.2,20,3,8,5
2336,360,35,0.25,20,3,6,7
2337,360,35,0.3,20,3,5,8
2338,360,35,0.35,21,2,7,6
2339,360,35,0.4,21,2,7,6
2340,360,40,0.2,20,3,6,7
2341,360,40,0.25,19,4,7,6
2342,360,40,0.3,20,3,7,6
2343,360,40,0.35,20,3,6,7
2344,360,40,0.4,20,3,7,6
2345,360,45,0.2,21,2,7,6
2346,360,45,0.25,20,3,6,7
2347,360,45,0.3,20,3,6,7
2348,360,45,0.35,20,3,7,6
2349,360,45,0.4,19,4,8,5
2350,360,50,0.2,21,2,5,8
2351,360,50,0.25,21,2,6,7
2352,360,50,0.3,19,4,7,6
2353,360,50,0.35,20,3,5,8
2354,360,50,0.4,22,1,4,9
2355,360,55,0.2,21,2,5,8
2356,360,55,0.25,21,2,6,7
2357,360,55,0.3,21,2,3,10
2358,360,55,0.35,20,3,7,6
2359,360,55,0.4,20,3,6,7
2360,360,60,0.2,20,3,5,8
2361,360,60,0.25,20,3,7,6
2362,360,60,0.3,20,3,6,7
2363,360,60,0.35,21,2,6,7
2364,360,60,0.4,21,2,6,7
2365,360,65,0.2,22,1,6,7
2366,360,65,0.25,21,2,6,7
2367,360,65,0.3,20,3,7,6
2368,360,65,0.35,21,2,4,9
2369,360,65,0.4,20,3,6,7
2370,360,70,0.2,20,3,6,7
2371,360,70,0.25,21,2,3,10
2372,360,70,0.3,21,2,5,8
2373,360,70,0.35,20,3,5,8
2374,360,70,0.4,20,3,8,5
2375,360,75,0.2,20,3,8,5
2376,360,75,0.25,21,2,7,6
2377,360,75,0.3,21,2,6,7
2378,360,75,0.35,20,3,6,7
2379,360,75,0.4,20,3,7,6
2380,360,80,0.2,21,2,6,7
2381,360,80,0.25,21,2,5,8
2382,360,80,0.3,20,3,7,6
2383,360,80,0.35,20,3,6,7
2384,360,80,0.4,20,3,7,6
2385,360,85,0.2,20,3,4,9
2386,360,85,0.25,21,2,6,7
2387,360,85,0.3,20,3,6,7
2388,360,85,0.35,19,4,7,6
2389,360,85,0.4,20,3,6,7
2390,360,90,0.2,19,4,7,6
2391,360,90,0.25,21,2,7,6
2392,360,90,0.3,20,3,9,4
2393,360,90,0.35,20,3,6,7
2394,360,90,0.4,21,2,7,6
2395,360,95,0.2,21,2,7,6
2396,360,95,0.25,22,1,5,8
2397,360,95,0.3,20,3,6,7
2398,360,95,0.35,21,2,6,7
2399,360,95,0.4,20,3,6,7
2400,370,25,0.2,20,3,5,8
2401,370,25,0.25,20,3,7,6
2402,370,25,0.3,21,2,6,7
2403,370,25,0.35,19,4,6,7
2404,370,25,0.4,21,2,5,8
2405,370,30,0.2,20,3,4,9
2406,370,30,0.25,20,3,5,8
2407,370,30,0.3,21,2,7,6
2408,370,30,0.35,21,2,6,7
2409,370,30,0.4,20,3,6,7
2410,370,35,0.2,20,3,7,6
2411,370,35,0.25,19,4,6,7
2412,370,35,0.3,21,2,7,6
2413,370,35,0.35,20,3,6,7
2414,370,35,0.4,20,3,6,7
2415,370,40,0.2,20,3,6,7
2416,370,40,0.25,21,2,6,7
2417,370,40,0.3,21,2,8,5
2418,370,40,0.35,20,3,5,8
2419,370,40,0.4,20,3,5,8
2420,370,45,0.2,18,5,8,5
2421,370,45,0.25,21,2,7,6
2422,370,45,0.3,20,3,6,7
2423,370,45,0.35,20,3,6,7
2424,370,45,0.4,21,2,7,6
2425,370,50,0.2,20,3,7,6
2426,370,50,0.25,20,3,5,8
2427,370,50,0.3,20,3,6,7
2428,370,50,0.35,20,3,6,7
2429,370,50,0.4,20,3,7,6
2430,370,55,0.2,20,3,7,6
2431,370,55,0.25,21,2,7,6
2432,370,55,0.3,21,2,6,7
2433,370,55,0.35,22,1,6,7
2434,370,55,0.4,19,4,5,8
2435,370,60,0.2,22,1,5,8
2436,370,60,0.25,20,3,6,7
2437,370,60,0.3,19,4,5,8
2438,370,60,0.35,21,2,6,7
2439,370,60,0.4,21,2,7,6
2440,370,65,0.2,21,2,6,7
2441,370,65,0.25,21,2,7,6
2442,370,65,0.3,21,2,6,7
2443,370,65,0.35,20,3,4,9
2444,370,65,0.4,20,3,6,7
2445,370,70,0.2,21,2,4,9
2446,370,70,0.25,20,3,7,6
2447,370,70,0.3,21,2,7,6
2448,370,70,0.35,21,2,6,7
2449,370,70,0.4,20,3,9,4
2450,370,75,0.2,21,2,7,6
2451,370,75,0.25,20,3,6,7
2452,370,75,0.3,20,3,5,8
2453,370,75,0.35,21,2,9,4
2454,370,75,0.4,20,3,7,6
2455,370,80,0.2,21,2,5,8
2456,370,80,0.25,22,1,7,6
2457,370,80,0.3,20,3,7,6
2458,370,80,0.35,20,3,6,7
2459,370,80,0.4,20,3,8,5
2460,370,85,0.2,19,4,7,6
2461,370,85,0.25,20,3,7,6
2462,370,85,0.3,20,3,8,5
2463,370,85,0.35,21,2,6,7
2464,370,85,0.4,20,3,6,7
2465,370,90,0.2,20,3,6,7
2466,370,90,0.25,21,2,6,7
2467,370,90,0.3,20,3,5,8
2468,370,90,0.35,21,2,7,6
2469,370,90,0.4,20,3,7,6
2470,370,95,0.2,20,3,5,8
2471,370,95,0.25,20,3,7,6
2472,370,95,0.3,20,3,7,6
2473,370,95,0.35,22,1,4,9
2474,370,95,0.4,21,2,4,9
2475,380,25,0.2,20,3,3,10
2476,380,25,0.25,21,2,7,6
2477,380,25,0.3,20,3,6,7
2478,380,25,0.35,20,3,6,7
2479,380,25,0.4,20,3,7,6
2480,380,30,0.2,22,1,7,6
2481,380,30,0.25,22,1,6,7
2482,380,30,0.3,20,3,6,7
2483,380,30,0.35,19,4,4,9
2484,380,30,0.4,21,2,7,6
2485,380,35,0.2,21,2,7,6
2486,380,35,0.25,22,1,8,5
2487,380,35,0.3,21,2,7,6
2488,380,35,0.35,20,3,8,5
2489,380,35,0.4,20,3,7,6
2490,380,40,0.2,20,3,6,7
2491,380,40,0.25,19,4,6,7
2492,380,40,0.3,20,3,5,8
2493,380,40,0.35,20,3,7,6
2494,380,40,0.4,20,3,6,7
2495,380,45,0.2,20,3,7,6
2496,380,45,0.25,20,3,6,7
2497,380,45,0.3,21,2,6,7
2498,380,45,0.35,20,3,8,5
2499,380,45,0.4,21,2,6,7
2500,380,50,0.2,19,4,6,7
2501,380,50,0.25,19,4,6,7
2502,380,50,0.3,20,3,7,6
2503,380,50,0.35,20,3,6,7
2504,380,50,0.4,20,3,6,7
2505,380,55,0.2,21,2,6,7
2506,380,55,0.25,21,2,4,9
2507,380,55,0.3,20,3,7,6
2508,380,55,0.35,20,3,5,8
2509,380,55,0.4,20,3,5,8
2510,380,60,0.2,21,2,5,8
2511,380,60,0.25,20,3,4,9
2512,380,60,0.3,21,2,6,7
2513,380,60,0.35,21,2,7,6
2514,380,60,0.4,20,3,6,7
2515,380,65,0.2,20,3,6,7
2516,380,65,0.25,21,2,6,7
2517,380,65,0.3,20,3,6,7
2518,380,65,0.35,21,2,7,6
2519,380,65,0.4,20,3,6,7
2520,380,70,0.2,20,3,6,7
2521,380,70,0.25,19,4,7,6
2522,380,70,0.3,20,3,4,9
2523,380,70,0.35,20,3,5,8
2524,380,70,0.4,20,3,7,6
2525,380,75,0.2,20,3,6,7
2526,380,75,0.25,20,3,6,7
2527,380,75,0.3,20,3,5,8
2528,380,75,0.35,20,3,7,6
2529,380,75,0.4,18,5,6,7
2530,380,80,0.2,19,4,6,7
2531,380,80,0.25,19,4,5,8
2532,380,80,0.3,21,2,6,7
2533,380,80,0.35,21,2,5,8
2534,380,80,0.4,19,4,4,9
2535,380,85,0.2,20,3,7,6
2536,380,85,0.25,19,4,8,5
2537,380,85,0.3,20,3,4,9
2538,380,85,0.35,18,5,8,5
2539,380,85,0.4,21,2,7,6
2540,380,90,0.2,20,3,6,7
2541,380,90,0.25,20,3,6,7
2542,380,90,0.3,19,4,9,4
2543,380,90,0.35,21,2,6,7
2544,380,90,0.4,20,3,8,5
2545,380,95,0.2,22,1,6,7
2546,380,95,0.25,22,1,6,7
2547,380,95,0.3,21,2,6,7
2548,380,95,0.35,22,1,5,8
2549,380,95,0.4,21,2,6,7
2550,390,25,0.2,19,4,8,5
2551,390,25,0.25,21,2,6,7
2552,390,25,0.3,20,3,7,6
2553,390,25,0.35,20,3,6,7
2554,390,25,0.4,19,4,7,6
2555,390,30,0.2,20,3,7,6
2556,390,30,0.25,20,3,6,7
2557,390,30,0.3,21,2,7,6
2558,390,30,0.35,21,2,5,8
2559,390,30,0.4,20,3,6,7
2560,390,35,0.2,22,1,6,7
2561,390,35,0.25,20,3,5,8
2562,390,35,0.3,20,3,6,7
2563,390,35,0.35,19,4,8,5
2564,390,35,0.4,21,2,5,8
2565,390,40,0.2,20,3,6,7
2566,390,40,0.25,21,2,7,6
2567,390,40,0.3,20,3,6,7
2568,390,40,0.35,20,3,7,6
2569,390,40,0.4,21,2,7,6
2570,390,45,0.2,20,3,6,7
2571,390,45,0.25,21,2,6,7
2572,390,45,0.3,19,4,7,6
2573,390,45,0.35,21,2,7,6
2574,390,45,0.4,21,2,6,7
2575,390,50,0.2,20,3,5,8
2576,390,50,0.25,20,3,6,7
2577,390,50,0.3,20,3,7,6
2578,390,50,0.35,20,3,7,6
2579,390,50,0.4,20,3,5,8
2580,390,55,0.2,20,3,6,7
2581,390,55,0.25,20,3,3,10
2582,390,55,0.3,20,3,5,8
2583,390,55,0.35,20,3,5,8
2584,390,55,0.4,20,3,7,6
2585,390,60,0.2,20,3,8,5
2586,390,60,0.25,20,3,6,7
2587,390,60,0.3,21,2,7,6
2588,390,60,0.35,20,3,6,7
2589,390,60,0.4,20,3,4,9
2590,390,65,0.2,20,3,6,7
2591,390,65,0.25,20,3,6,7
2592,390,65,0.3,20,3,7,6
2593,390,65,0.35,21,2,6,7
2594,390,65,0.4,20,3,7,6
2595,390,70,0.2,21,2,5,8
2596,390,70,0.25,20,3,7,6
2597,390,70,0.3,20,3,7,6
2598,390,70,0.35,21,2,7,6
2599,390,70,0.4,20,3,7,6
2600,390,75,0.2,21,2,7,6
2601,390,75,0.25,19,4,7,6
2602,390,75,0.3,20,3,5,8
2603,390,75,0.35,20,3,6,7
2604,390,75,0.4,21,2,5,8
2605,390,80,0.2,20,3,4,9
2606,390,80,0.25,21,2,6,7
2607,390,80,0.3,20,3,6,7
2608,390,80,0.35,20,3,7,6
2609,390,80,0.4,20,3,4,9
2610,390,85,0.2,20,3,6,7
2611,390,85,0.25,21,2,7,6
2612,390,85,0.3,20,3,4,9
2613,390,85,0.35,22,1,6,7
2614,390,85,0.4,20,3,8,5
2615,390,90,0.2,20,3,5,8
2616,390,90,0.25,20,3,6,7
2617,390,90,0.3,21,2,7,6
2618,390,90,0.35,20,3,4,9
2619,390,90,0.4,20,3,7,6
2620,390,95,0.2,20,3,5,8
2621,390,95,0.25,21,2,7,6
2622,390,95,0.3,20,3,7,6
2623,390,95,0.35,21,2,6,7
2624,390,95,0.4,20,3,6,7
2625,400,25,0.2,20,3,6,7
2626,400,25,0.25,20,3,7,6
2627,400,25,0.3,21,2,7,6
2628,400,25,0.35,19,4,7,6
2629,400,25,0.4,20,3,4,9
2630,400,30,0.2,22,1,6,7
2631,400,30,0.25,20,3,6,7
2632,400,30,0.3,20,3,7,6
2633,400,30,0.35,21,2,4,9
2634,400,30,0.4,20,3,8,5
2635,400,35,0.2,20,3,6,7
2636,400,35,0.25,20,3,6,7
2637,400,35,0.3,19,4,6,7
2638,400,35,0.35,20,3,8,5
2639,400,35,0.4,21,2,5,8
2640,400,40,0.2,20,3,6,7
2641,400,40,0.25,20,3,4,9
2642,400,40,0.3,21,2,6,7
2643,400,40,0.35,20,3,6,7
2644,400,40,0.4,19,4,7,6
2645,400,45,0.2,20,3,7,6
2646,400,45,0.25,20,3,6,7
2647,400,45,0.3,20,3,7,6
2648,400,45,0.35,21,2,6,7
2649,400,45,0.4,18,5,8,5
2650,400,50,0.2,21,2,6,7
2651,400,50,0.25,20,3,7,6
2652,400,50,0.3,21,2,7,6
2653,400,50,0.35,19,4,8,5
2654,400,50,0.4,21,2,6,7
2655,400,55,0.2,20,3,4,9
2656,400,55,0.25,20,3,7,6
2657,400,55,0.3,20,3,7,6
2658,400,55,0.35,21,2,7,6
2659,400,55,0.4,20,3,7,6
2660,400,60,0.2,22,1,6,7
2661,400,60,0.25,20,3,7,6
2662,400,60,0.3,20,3,7,6
2663,400,60,0.35,20,3,6,7
2664,400,60,0.4,18,5,5,8
2665,400,65,0.2,20,3,7,6
2666,400,65,0.25,21,2,4,9
2667,400,65,0.3,21,2,4,9
2668,400,65,0.35,20,3,6,7
2669,400,65,0.4,21,2,5,8
2670,400,70,0.2,20,3,7,6
2671,400,70,0.25,20,3,9,4
2672,400,70,0.3,21,2,6,7
2673,400,70,0.35,20,3,6,7
2674,400,70,0.4,20,3,6,7
2675,400,75,0.2,20,3,5,8
2676,400,75,0.25,21,2,7,6
2677,400,75,0.3,21,2,6,7
2678,400,75,0.35,21,2,4,9
2679,400,75,0.4,20,3,6,7
2680,400,80,0.2,19,4,7,6
2681,400,80,0.25,21,2,6,7
2682,400,80,0.3,20,3,6,7
2683,400,80,0.35,20,3,5,8
2684,400,80,0.4,21,2,5,8
2685,400,85,0.2,20,3,5,8
2686,400,85,0.25,20,3,5,8
2687,400,85,0.3,22,1,4,9
2688,400,85,0.35,20,3,6,7
2689,400,85,0.4,20,3,4,9
2690,400,90,0.2,20,3,6,7
2691,400,90,0.25,20,3,7,6
2692,400,90,0.3,20,3,6,7
2693,400,90,0.35,21,2,6,7
2694,400,90,0.4,21,2,4,9
2695,400,95,0.2,20,3,6,7
2696,400,95,0.25,21,2,6,7
2697,400,95,0.3,20,3,7,6
2698,400,95,0.35,22,1,6,7
2699,400,95,0.4,19,4,6,7
